clip_id,dataset,split,video_path,frame_index,timestamp_s,image_path,label
2020-06-26_22-24-01_camera104,pskuss,train,,0,0.0,2020-06-26_22-24-01_camera104/00000.jpg,other
2020-06-26_22-24-01_camera104,pskuss,train,,1,7.5,2020-06-26_22-24-01_camera104/00001.jpg,other
2020-06-26_22-24-01_camera104,pskuss,train,,2,15.0,2020-06-26_22-24-01_camera104/00002.jpg,other
2020-06-26_22-24-01_camera104,pskuss,train,,3,22.5,2020-06-26_22-24-01_camera104/00003.jpg,other
2020-06-26_22-24-01_camera104,pskuss,train,,4,30.0,2020-06-26_22-24-01_camera104/00004.jpg,other
2020-06-26_22-24-01_camera104,pskuss,train,,5,37.5,2020-06-26_22-24-01_camera104/00005.jpg,other
2020-06-26_22-24-01_camera104,pskuss,train,,6,45.0,2020-06-26_22-24-01_camera104/00006.jpg,other
2020-06-26_22-24-01_camera104,pskuss,train,,7,52.5,2020-06-26_22-24-01_camera104/00007.jpg,other
2020-06-26_22-24-01_camera104,pskuss,train,,8,60.0,2020-06-26_22-24-01_camera104/00008.jpg,other
2020-06-26_22-24-01_camera104,pskuss,train,,9,67.5,2020-06-26_22-24-01_camera104/00009.jpg,other
2020-06-26_22-24-01_camera104,pskuss,train,,10,75.0,2020-06-26_22-24-01_camera104/00010.jpg,other
2020-06-26_22-24-01_camera104,pskuss,train,,11,82.5,2020-06-26_22-24-01_camera104/00011.jpg,other
2020-06-26_22-24-01_camera104,pskuss,train,,12,90.0,2020-06-26_22-24-01_camera104/00012.jpg,other
2020-06-26_22-24-01_camera104,pskuss,train,,13,97.5,2020-06-26_22-24-01_camera104/00013.jpg,other
2020-06-26_22-24-01_camera104,pskuss,train,,14,105.0,2020-06-26_22-24-01_camera104/00014.jpg,other
2020-06-26_22-24-01_camera104,pskuss,train,,15,112.5,2020-06-26_22-24-01_camera104/00015.jpg,other
2020-06-26_22-24-01_camera104,pskuss,train,,16,120.0,2020-06-26_22-24-01_camera104/00016.jpg,other
2020-06-26_22-24-01_camera104,pskuss,train,,17,127.5,2020-06-26_22-24-01_camera104/00017.jpg,other
2020-06-26_22-24-01_camera104,pskuss,train,,18,135.0,2020-06-26_22-24-01_camera104/00018.jpg,other
2020-06-26_22-24-01_camera104,pskuss,train,,19,142.5,2020-06-26_22-24-01_camera104/00019.jpg,other
2020-06-26_22-24-01_camera104,pskuss,train,,20,150.0,2020-06-26_22-24-01_camera104/00020.jpg,other
2020-06-26_22-24-01_camera104,pskuss,train,,21,157.5,2020-06-26_22-24-01_camera104/00021.jpg,other
2020-06-26_22-24-01_camera104,pskuss,train,,22,165.0,2020-06-26_22-24-01_camera104/00022.jpg,other
2020-06-26_22-24-01_camera104,pskuss,train,,23,172.5,2020-06-26_22-24-01_camera104/00023.jpg,other
2020-06-26_22-24-01_camera104,pskuss,train,,24,180.0,2020-06-26_22-24-01_camera104/00024.jpg,other
2020-06-26_22-24-01_camera104,pskuss,train,,25,187.5,2020-06-26_22-24-01_camera104/00025.jpg,other
2020-06-26_22-24-01_camera104,pskuss,train,,26,195.0,2020-06-26_22-24-01_camera104/00026.jpg,other
2020-06-26_22-24-01_camera104,pskuss,train,,27,202.5,2020-06-26_22-24-01_camera104/00027.jpg,other
2020-06-26_22-24-01_camera104,pskuss,train,,28,210.0,2020-06-26_22-24-01_camera104/00028.jpg,other
2020-06-26_22-24-01_camera104,pskuss,train,,29,217.5,2020-06-26_22-24-01_camera104/00029.jpg,other
2020-06-26_22-24-01_camera104,pskuss,train,,30,225.0,2020-06-26_22-24-01_camera104/00030.jpg,other
2020-06-26_22-24-01_camera104,pskuss,train,,31,232.5,2020-06-26_22-24-01_camera104/00031.jpg,other
2020-06-26_22-24-01_camera104,pskuss,train,,32,240.0,2020-06-26_22-24-01_camera104/00032.jpg,other
2020-06-26_22-24-01_camera104,pskuss,train,,33,247.5,2020-06-26_22-24-01_camera104/00033.jpg,other
2020-06-26_22-24-01_camera104,pskuss,train,,34,255.0,2020-06-26_22-24-01_camera104/00034.jpg,other
2020-06-26_22-24-01_camera104,pskuss,train,,35,262.5,2020-06-26_22-24-01_camera104/00035.jpg,other
2020-06-26_22-24-01_camera104,pskuss,train,,36,270.0,2020-06-26_22-24-01_camera104/00036.jpg,other
2020-06-26_22-24-01_camera104,pskuss,train,,37,277.5,2020-06-26_22-24-01_camera104/00037.jpg,other
2020-06-26_22-24-01_camera104,pskuss,train,,38,285.0,2020-06-26_22-24-01_camera104/00038.jpg,other
2020-06-26_22-24-01_camera104,pskuss,train,,39,292.5,2020-06-26_22-24-01_camera104/00039.jpg,other
2020-06-26_22-24-01_camera104,pskuss,train,,40,300.0,2020-06-26_22-24-01_camera104/00040.jpg,other
2020-06-26_22-24-01_camera104,pskuss,train,,41,307.5,2020-06-26_22-24-01_camera104/00041.jpg,other
2020-06-26_22-24-01_camera104,pskuss,train,,42,315.0,2020-06-26_22-24-01_camera104/00042.jpg,other
2020-06-26_22-24-01_camera104,pskuss,train,,43,322.5,2020-06-26_22-24-01_camera104/00043.jpg,other
2020-06-26_22-24-01_camera104,pskuss,train,,44,330.0,2020-06-26_22-24-01_camera104/00044.jpg,other
2020-06-26_22-24-01_camera104,pskuss,train,,45,337.5,2020-06-26_22-24-01_camera104/00045.jpg,other
2020-06-26_22-24-01_camera104,pskuss,train,,46,345.0,2020-06-26_22-24-01_camera104/00046.jpg,other
2020-06-26_22-24-01_camera104,pskuss,train,,47,352.5,2020-06-26_22-24-01_camera104/00047.jpg,other
2020-06-26_22-24-01_camera104,pskuss,train,,48,360.0,2020-06-26_22-24-01_camera104/00048.jpg,other
2020-06-26_22-24-01_camera104,pskuss,train,,49,367.5,2020-06-26_22-24-01_camera104/00049.jpg,other
2020-06-26_22-24-01_camera104,pskuss,train,,50,375.0,2020-06-26_22-24-01_camera104/00050.jpg,other
2020-06-26_22-24-01_camera104,pskuss,train,,51,382.5,2020-06-26_22-24-01_camera104/00051.jpg,other
2020-06-26_22-24-01_camera104,pskuss,train,,52,390.0,2020-06-26_22-24-01_camera104/00052.jpg,other
2020-06-26_22-24-01_camera104,pskuss,train,,53,397.5,2020-06-26_22-24-01_camera104/00053.jpg,other
2020-06-26_22-24-01_camera104,pskuss,train,,54,405.0,2020-06-26_22-24-01_camera104/00054.jpg,other
2020-06-26_22-24-01_camera104,pskuss,train,,55,412.5,2020-06-26_22-24-01_camera104/00055.jpg,other
2020-06-26_22-24-01_camera104,pskuss,train,,56,420.0,2020-06-26_22-24-01_camera104/00056.jpg,other
2020-06-26_22-24-01_camera104,pskuss,train,,57,427.5,2020-06-26_22-24-01_camera104/00057.jpg,other
2020-06-26_22-24-01_camera104,pskuss,train,,58,435.0,2020-06-26_22-24-01_camera104/00058.jpg,other
2020-06-26_22-24-01_camera104,pskuss,train,,59,442.5,2020-06-26_22-24-01_camera104/00059.jpg,other
2020-06-26_22-24-01_camera104,pskuss,train,,60,450.0,2020-06-26_22-24-01_camera104/00060.jpg,other
2020-06-26_22-24-01_camera104,pskuss,train,,61,457.5,2020-06-26_22-24-01_camera104/00061.jpg,other
2020-06-26_22-24-01_camera104,pskuss,train,,62,465.0,2020-06-26_22-24-01_camera104/00062.jpg,other
2020-06-26_22-24-01_camera104,pskuss,train,,63,472.5,2020-06-26_22-24-01_camera104/00063.jpg,other
2020-06-26_22-24-01_camera104,pskuss,train,,64,480.0,2020-06-26_22-24-01_camera104/00064.jpg,other
2020-06-26_22-24-01_camera104,pskuss,train,,65,487.5,2020-06-26_22-24-01_camera104/00065.jpg,other
2020-06-26_22-24-01_camera104,pskuss,train,,66,495.0,2020-06-26_22-24-01_camera104/00066.jpg,other
2020-06-26_22-24-01_camera104,pskuss,train,,67,502.5,2020-06-26_22-24-01_camera104/00067.jpg,other
2020-06-26_22-24-01_camera104,pskuss,train,,68,510.0,2020-06-26_22-24-01_camera104/00068.jpg,other
2020-06-26_22-24-01_camera104,pskuss,train,,69,517.5,2020-06-26_22-24-01_camera104/00069.jpg,other
2020-06-26_22-24-01_camera104,pskuss,train,,70,525.0,2020-06-26_22-24-01_camera104/00070.jpg,other
2020-06-26_22-24-01_camera104,pskuss,train,,71,532.5,2020-06-26_22-24-01_camera104/00071.jpg,other
2020-06-26_22-24-01_camera104,pskuss,train,,72,540.0,2020-06-26_22-24-01_camera104/00072.jpg,other
2020-06-26_22-24-01_camera104,pskuss,train,,73,547.5,2020-06-26_22-24-01_camera104/00073.jpg,other
2020-06-26_22-24-01_camera104,pskuss,train,,74,555.0,2020-06-26_22-24-01_camera104/00074.jpg,other
2020-06-26_22-24-01_camera104,pskuss,train,,75,562.5,2020-06-26_22-24-01_camera104/00075.jpg,other
2020-06-26_22-24-01_camera104,pskuss,train,,76,570.0,2020-06-26_22-24-01_camera104/00076.jpg,other
2020-06-26_22-24-01_camera104,pskuss,train,,77,577.5,2020-06-26_22-24-01_camera104/00077.jpg,other
2020-06-26_22-24-01_camera104,pskuss,train,,78,585.0,2020-06-26_22-24-01_camera104/00078.jpg,other
2020-06-26_22-24-01_camera104,pskuss,train,,79,592.5,2020-06-26_22-24-01_camera104/00079.jpg,other
2020-06-26_22-24-01_camera104,pskuss,train,,80,600.0,2020-06-26_22-24-01_camera104/00080.jpg,other
2020-06-26_22-24-01_camera104,pskuss,train,,81,607.5,2020-06-26_22-24-01_camera104/00081.jpg,other
2020-06-26_22-24-01_camera104,pskuss,train,,82,615.0,2020-06-26_22-24-01_camera104/00082.jpg,other
2020-06-26_22-24-01_camera104,pskuss,train,,83,622.5,2020-06-26_22-24-01_camera104/00083.jpg,other
2020-06-26_22-24-01_camera104,pskuss,train,,84,630.0,2020-06-26_22-24-01_camera104/00084.jpg,other
2020-06-26_22-24-01_camera104,pskuss,train,,85,637.5,2020-06-26_22-24-01_camera104/00085.jpg,other
2020-06-26_22-24-01_camera104,pskuss,train,,86,645.0,2020-06-26_22-24-01_camera104/00086.jpg,other
2020-06-26_22-24-01_camera104,pskuss,train,,87,652.5,2020-06-26_22-24-01_camera104/00087.jpg,other
2020-06-26_22-24-01_camera104,pskuss,train,,88,660.0,2020-06-26_22-24-01_camera104/00088.jpg,other
2020-06-26_22-24-01_camera104,pskuss,train,,89,667.5,2020-06-26_22-24-01_camera104/00089.jpg,other
2020-06-26_22-24-01_camera104,pskuss,train,,90,675.0,2020-06-26_22-24-01_camera104/00090.jpg,other
2020-06-26_22-24-01_camera104,pskuss,train,,91,682.5,2020-06-26_22-24-01_camera104/00091.jpg,other
2020-06-26_22-24-01_camera104,pskuss,train,,92,690.0,2020-06-26_22-24-01_camera104/00092.jpg,other
2020-06-26_22-24-01_camera104,pskuss,train,,93,697.5,2020-06-26_22-24-01_camera104/00093.jpg,other
2020-06-26_22-24-01_camera104,pskuss,train,,94,705.0,2020-06-26_22-24-01_camera104/00094.jpg,other
2020-06-26_22-24-01_camera104,pskuss,train,,95,712.5,2020-06-26_22-24-01_camera104/00095.jpg,other
2020-06-26_22-24-01_camera104,pskuss,train,,96,720.0,2020-06-26_22-24-01_camera104/00096.jpg,other
2020-06-26_22-24-01_camera104,pskuss,train,,97,727.5,2020-06-26_22-24-01_camera104/00097.jpg,other
2020-06-26_22-24-01_camera104,pskuss,train,,98,735.0,2020-06-26_22-24-01_camera104/00098.jpg,other
2020-06-26_22-24-01_camera104,pskuss,train,,99,742.5,2020-06-26_22-24-01_camera104/00099.jpg,other
2020-06-26_22-24-01_camera104,pskuss,train,,100,750.0,2020-06-26_22-24-01_camera104/00100.jpg,other
2020-06-26_22-24-01_camera104,pskuss,train,,101,757.5,2020-06-26_22-24-01_camera104/00101.jpg,other
2020-06-26_22-24-01_camera104,pskuss,train,,102,765.0,2020-06-26_22-24-01_camera104/00102.jpg,other
2020-06-26_22-24-01_camera104,pskuss,train,,103,772.5,2020-06-26_22-24-01_camera104/00103.jpg,other
2020-06-26_22-24-01_camera104,pskuss,train,,104,780.0,2020-06-26_22-24-01_camera104/00104.jpg,other
2020-06-26_22-24-01_camera104,pskuss,train,,105,787.5,2020-06-26_22-24-01_camera104/00105.jpg,other
2020-06-26_22-24-01_camera104,pskuss,train,,106,795.0,2020-06-26_22-24-01_camera104/00106.jpg,other
2020-06-26_22-24-01_camera104,pskuss,train,,107,802.5,2020-06-26_22-24-01_camera104/00107.jpg,other
2020-06-26_22-24-01_camera104,pskuss,train,,108,810.0,2020-06-26_22-24-01_camera104/00108.jpg,other
2020-06-26_22-24-01_camera104,pskuss,train,,109,817.5,2020-06-26_22-24-01_camera104/00109.jpg,other
2020-06-26_22-24-01_camera104,pskuss,train,,110,825.0,2020-06-26_22-24-01_camera104/00110.jpg,other
2020-06-26_22-24-01_camera104,pskuss,train,,111,832.5,2020-06-26_22-24-01_camera104/00111.jpg,other
2020-06-26_22-24-01_camera104,pskuss,train,,112,840.0,2020-06-26_22-24-01_camera104/00112.jpg,other
2020-06-26_22-24-01_camera104,pskuss,train,,113,847.5,2020-06-26_22-24-01_camera104/00113.jpg,other
2020-06-26_22-24-01_camera104,pskuss,train,,114,855.0,2020-06-26_22-24-01_camera104/00114.jpg,other
2020-06-26_22-24-01_camera104,pskuss,train,,115,862.5,2020-06-26_22-24-01_camera104/00115.jpg,other
2020-06-26_22-24-01_camera104,pskuss,train,,116,870.0,2020-06-26_22-24-01_camera104/00116.jpg,other
2020-06-26_22-24-01_camera104,pskuss,train,,117,877.5,2020-06-26_22-24-01_camera104/00117.jpg,other
2020-06-26_22-24-01_camera104,pskuss,train,,118,885.0,2020-06-26_22-24-01_camera104/00118.jpg,other
2020-06-26_22-24-01_camera104,pskuss,train,,119,892.5,2020-06-26_22-24-01_camera104/00119.jpg,other
2020-06-26_22-24-01_camera104,pskuss,train,,120,900.0,2020-06-26_22-24-01_camera104/00120.jpg,other
2020-06-26_22-24-01_camera104,pskuss,train,,121,907.5,2020-06-26_22-24-01_camera104/00121.jpg,other
2020-06-26_22-24-01_camera104,pskuss,train,,122,915.0,2020-06-26_22-24-01_camera104/00122.jpg,other
2020-06-26_22-24-01_camera104,pskuss,train,,123,922.5,2020-06-26_22-24-01_camera104/00123.jpg,other
2020-06-26_22-24-01_camera104,pskuss,train,,124,930.0,2020-06-26_22-24-01_camera104/00124.jpg,other
2020-06-26_22-24-01_camera104,pskuss,train,,125,937.5,2020-06-26_22-24-01_camera104/00125.jpg,other
2020-06-26_22-24-01_camera104,pskuss,train,,126,945.0,2020-06-26_22-24-01_camera104/00126.jpg,other
2020-06-26_22-24-01_camera104,pskuss,train,,127,952.5,2020-06-26_22-24-01_camera104/00127.jpg,other
2020-06-26_22-24-01_camera104,pskuss,train,,128,960.0,2020-06-26_22-24-01_camera104/00128.jpg,other
2020-06-26_22-24-01_camera104,pskuss,train,,129,967.5,2020-06-26_22-24-01_camera104/00129.jpg,other
2020-06-26_22-24-01_camera104,pskuss,train,,130,975.0,2020-06-26_22-24-01_camera104/00130.jpg,other
2020-06-26_22-24-01_camera104,pskuss,train,,131,982.5,2020-06-26_22-24-01_camera104/00131.jpg,other
2020-06-26_22-24-01_camera104,pskuss,train,,132,990.0,2020-06-26_22-24-01_camera104/00132.jpg,other
2020-06-26_22-24-01_camera104,pskuss,train,,133,997.5,2020-06-26_22-24-01_camera104/00133.jpg,other
2020-06-27_00-03-27_camera104,pskuss,train,,0,0.0,2020-06-27_00-03-27_camera104/00000.jpg,other
2020-06-27_00-03-27_camera104,pskuss,train,,1,7.5,2020-06-27_00-03-27_camera104/00001.jpg,other
2020-06-27_00-03-27_camera104,pskuss,train,,2,15.0,2020-06-27_00-03-27_camera104/00002.jpg,other
2020-06-27_00-03-27_camera104,pskuss,train,,3,22.5,2020-06-27_00-03-27_camera104/00003.jpg,other
2020-06-27_00-03-27_camera104,pskuss,train,,4,30.0,2020-06-27_00-03-27_camera104/00004.jpg,other
2020-06-27_00-03-27_camera104,pskuss,train,,5,37.5,2020-06-27_00-03-27_camera104/00005.jpg,other
2020-06-27_00-03-27_camera104,pskuss,train,,6,45.0,2020-06-27_00-03-27_camera104/00006.jpg,other
2020-06-27_00-03-27_camera104,pskuss,train,,7,52.5,2020-06-27_00-03-27_camera104/00007.jpg,other
2020-06-27_00-03-27_camera104,pskuss,train,,8,60.0,2020-06-27_00-03-27_camera104/00008.jpg,other
2020-06-27_00-03-27_camera104,pskuss,train,,9,67.5,2020-06-27_00-03-27_camera104/00009.jpg,other
2020-06-27_00-03-27_camera104,pskuss,train,,10,75.0,2020-06-27_00-03-27_camera104/00010.jpg,other
2020-06-27_00-03-27_camera104,pskuss,train,,11,82.5,2020-06-27_00-03-27_camera104/00011.jpg,other
2020-06-27_00-03-27_camera104,pskuss,train,,12,90.0,2020-06-27_00-03-27_camera104/00012.jpg,other
2020-06-27_00-03-27_camera104,pskuss,train,,13,97.5,2020-06-27_00-03-27_camera104/00013.jpg,other
2020-06-27_00-03-27_camera104,pskuss,train,,14,105.0,2020-06-27_00-03-27_camera104/00014.jpg,other
2020-06-27_00-03-27_camera104,pskuss,train,,15,112.5,2020-06-27_00-03-27_camera104/00015.jpg,other
2020-06-27_00-03-27_camera104,pskuss,train,,16,120.0,2020-06-27_00-03-27_camera104/00016.jpg,other
2020-06-27_00-03-27_camera104,pskuss,train,,17,127.5,2020-06-27_00-03-27_camera104/00017.jpg,other
2020-06-27_00-03-27_camera104,pskuss,train,,18,135.0,2020-06-27_00-03-27_camera104/00018.jpg,other
2020-06-27_00-03-27_camera104,pskuss,train,,19,142.5,2020-06-27_00-03-27_camera104/00019.jpg,other
2020-06-27_00-03-27_camera104,pskuss,train,,20,150.0,2020-06-27_00-03-27_camera104/00020.jpg,other
2020-06-27_00-03-27_camera104,pskuss,train,,21,157.5,2020-06-27_00-03-27_camera104/00021.jpg,other
2020-06-27_00-03-27_camera104,pskuss,train,,22,165.0,2020-06-27_00-03-27_camera104/00022.jpg,other
2020-06-27_00-03-27_camera104,pskuss,train,,23,172.5,2020-06-27_00-03-27_camera104/00023.jpg,other
2020-06-27_00-03-27_camera104,pskuss,train,,24,180.0,2020-06-27_00-03-27_camera104/00024.jpg,other
2020-06-27_00-03-27_camera104,pskuss,train,,25,187.5,2020-06-27_00-03-27_camera104/00025.jpg,other
2020-06-27_00-03-27_camera104,pskuss,train,,26,195.0,2020-06-27_00-03-27_camera104/00026.jpg,other
2020-06-27_00-03-27_camera104,pskuss,train,,27,202.5,2020-06-27_00-03-27_camera104/00027.jpg,other
2020-06-27_00-03-27_camera104,pskuss,train,,28,210.0,2020-06-27_00-03-27_camera104/00028.jpg,other
2020-06-27_00-03-27_camera104,pskuss,train,,29,217.5,2020-06-27_00-03-27_camera104/00029.jpg,other
2020-06-27_00-03-27_camera104,pskuss,train,,30,225.0,2020-06-27_00-03-27_camera104/00030.jpg,other
2020-06-27_00-03-27_camera104,pskuss,train,,31,232.5,2020-06-27_00-03-27_camera104/00031.jpg,other
2020-06-27_00-03-27_camera104,pskuss,train,,32,240.0,2020-06-27_00-03-27_camera104/00032.jpg,other
2020-06-27_00-03-27_camera104,pskuss,train,,33,247.5,2020-06-27_00-03-27_camera104/00033.jpg,other
2020-06-27_00-03-27_camera104,pskuss,train,,34,255.0,2020-06-27_00-03-27_camera104/00034.jpg,other
2020-06-27_00-03-27_camera104,pskuss,train,,35,262.5,2020-06-27_00-03-27_camera104/00035.jpg,other
2020-06-27_00-03-27_camera104,pskuss,train,,36,270.0,2020-06-27_00-03-27_camera104/00036.jpg,other
2020-06-27_00-03-27_camera104,pskuss,train,,37,277.5,2020-06-27_00-03-27_camera104/00037.jpg,other
2020-06-27_00-03-27_camera104,pskuss,train,,38,285.0,2020-06-27_00-03-27_camera104/00038.jpg,other
2020-06-27_00-03-27_camera104,pskuss,train,,39,292.5,2020-06-27_00-03-27_camera104/00039.jpg,other
2020-06-27_00-03-27_camera104,pskuss,train,,40,300.0,2020-06-27_00-03-27_camera104/00040.jpg,other
2020-06-27_00-03-27_camera104,pskuss,train,,41,307.5,2020-06-27_00-03-27_camera104/00041.jpg,other
2020-06-27_00-03-27_camera104,pskuss,train,,42,315.0,2020-06-27_00-03-27_camera104/00042.jpg,other
2020-06-27_00-03-27_camera104,pskuss,train,,43,322.5,2020-06-27_00-03-27_camera104/00043.jpg,other
2020-06-27_00-03-27_camera104,pskuss,train,,44,330.0,2020-06-27_00-03-27_camera104/00044.jpg,other
2020-06-27_00-03-27_camera104,pskuss,train,,45,337.5,2020-06-27_00-03-27_camera104/00045.jpg,other
2020-06-27_00-03-27_camera104,pskuss,train,,46,345.0,2020-06-27_00-03-27_camera104/00046.jpg,other
2020-06-27_00-03-27_camera104,pskuss,train,,47,352.5,2020-06-27_00-03-27_camera104/00047.jpg,other
2020-06-27_08-34-53_camera104,pskuss,train,,0,0.0,2020-06-27_08-34-53_camera104/00000.jpg,other
2020-06-27_08-34-53_camera104,pskuss,train,,1,7.5,2020-06-27_08-34-53_camera104/00001.jpg,other
2020-06-27_08-34-53_camera104,pskuss,train,,2,15.0,2020-06-27_08-34-53_camera104/00002.jpg,other
2020-06-27_08-34-53_camera104,pskuss,train,,3,22.5,2020-06-27_08-34-53_camera104/00003.jpg,other
2020-06-27_08-34-53_camera104,pskuss,train,,4,30.0,2020-06-27_08-34-53_camera104/00004.jpg,other
2020-06-27_08-34-53_camera104,pskuss,train,,5,37.5,2020-06-27_08-34-53_camera104/00005.jpg,other
2020-06-27_08-34-53_camera104,pskuss,train,,6,45.0,2020-06-27_08-34-53_camera104/00006.jpg,other
2020-06-27_08-34-53_camera104,pskuss,train,,7,52.5,2020-06-27_08-34-53_camera104/00007.jpg,other
2020-06-27_08-34-53_camera104,pskuss,train,,8,60.0,2020-06-27_08-34-53_camera104/00008.jpg,other
2020-06-27_08-34-53_camera104,pskuss,train,,9,67.5,2020-06-27_08-34-53_camera104/00009.jpg,other
2020-06-27_08-34-53_camera104,pskuss,train,,10,75.0,2020-06-27_08-34-53_camera104/00010.jpg,other
2020-06-27_08-34-53_camera104,pskuss,train,,11,82.5,2020-06-27_08-34-53_camera104/00011.jpg,other
2020-06-27_08-34-53_camera104,pskuss,train,,12,90.0,2020-06-27_08-34-53_camera104/00012.jpg,other
2020-06-27_08-34-53_camera104,pskuss,train,,13,97.5,2020-06-27_08-34-53_camera104/00013.jpg,other
2020-06-27_08-34-53_camera104,pskuss,train,,14,105.0,2020-06-27_08-34-53_camera104/00014.jpg,other
2020-06-27_08-34-53_camera104,pskuss,train,,15,112.5,2020-06-27_08-34-53_camera104/00015.jpg,other
2020-06-27_08-34-53_camera104,pskuss,train,,16,120.0,2020-06-27_08-34-53_camera104/00016.jpg,other
2020-06-27_08-34-53_camera104,pskuss,train,,17,127.5,2020-06-27_08-34-53_camera104/00017.jpg,other
2020-06-27_08-34-53_camera104,pskuss,train,,18,135.0,2020-06-27_08-34-53_camera104/00018.jpg,other
2020-06-27_08-34-53_camera104,pskuss,train,,19,142.5,2020-06-27_08-34-53_camera104/00019.jpg,other
2020-06-27_08-34-53_camera104,pskuss,train,,20,150.0,2020-06-27_08-34-53_camera104/00020.jpg,other
2020-06-27_08-34-53_camera104,pskuss,train,,21,157.5,2020-06-27_08-34-53_camera104/00021.jpg,other
2020-06-27_08-34-53_camera104,pskuss,train,,22,165.0,2020-06-27_08-34-53_camera104/00022.jpg,other
2020-06-27_08-34-53_camera104,pskuss,train,,23,172.5,2020-06-27_08-34-53_camera104/00023.jpg,other
2020-06-27_08-34-53_camera104,pskuss,train,,24,180.0,2020-06-27_08-34-53_camera104/00024.jpg,other
2020-06-27_08-34-53_camera104,pskuss,train,,25,187.5,2020-06-27_08-34-53_camera104/00025.jpg,other
2020-06-27_08-34-53_camera104,pskuss,train,,26,195.0,2020-06-27_08-34-53_camera104/00026.jpg,other
2020-06-27_08-34-53_camera104,pskuss,train,,27,202.5,2020-06-27_08-34-53_camera104/00027.jpg,other
2020-06-27_08-34-53_camera104,pskuss,train,,28,210.0,2020-06-27_08-34-53_camera104/00028.jpg,other
2020-06-27_08-34-53_camera104,pskuss,train,,29,217.5,2020-06-27_08-34-53_camera104/00029.jpg,other
2020-06-27_08-34-53_camera104,pskuss,train,,30,225.0,2020-06-27_08-34-53_camera104/00030.jpg,other
2020-06-27_08-34-53_camera104,pskuss,train,,31,232.5,2020-06-27_08-34-53_camera104/00031.jpg,other
2020-06-27_08-34-53_camera104,pskuss,train,,32,240.0,2020-06-27_08-34-53_camera104/00032.jpg,other
2020-06-27_08-34-53_camera104,pskuss,train,,33,247.5,2020-06-27_08-34-53_camera104/00033.jpg,other
2020-06-27_08-34-53_camera104,pskuss,train,,34,255.0,2020-06-27_08-34-53_camera104/00034.jpg,other
2020-06-27_08-34-53_camera104,pskuss,train,,35,262.5,2020-06-27_08-34-53_camera104/00035.jpg,other
2020-06-27_08-34-53_camera104,pskuss,train,,36,270.0,2020-06-27_08-34-53_camera104/00036.jpg,other
2020-06-27_08-34-53_camera104,pskuss,train,,37,277.5,2020-06-27_08-34-53_camera104/00037.jpg,other
2020-06-27_08-34-53_camera104,pskuss,train,,38,285.0,2020-06-27_08-34-53_camera104/00038.jpg,other
2020-06-27_08-34-53_camera104,pskuss,train,,39,292.5,2020-06-27_08-34-53_camera104/00039.jpg,other
2020-06-27_08-34-53_camera104,pskuss,train,,40,300.0,2020-06-27_08-34-53_camera104/00040.jpg,other
2020-06-27_08-34-53_camera104,pskuss,train,,41,307.5,2020-06-27_08-34-53_camera104/00041.jpg,other
2020-06-27_08-34-53_camera104,pskuss,train,,42,315.0,2020-06-27_08-34-53_camera104/00042.jpg,other
2020-06-27_08-34-53_camera104,pskuss,train,,43,322.5,2020-06-27_08-34-53_camera104/00043.jpg,other
2020-06-27_08-34-53_camera104,pskuss,train,,44,330.0,2020-06-27_08-34-53_camera104/00044.jpg,other
2020-06-27_08-34-53_camera104,pskuss,train,,45,337.5,2020-06-27_08-34-53_camera104/00045.jpg,other
2020-06-27_08-56-39_camera104,pskuss,train,,0,0.0,2020-06-27_08-56-39_camera104/00000.jpg,other
2020-06-27_08-56-39_camera104,pskuss,train,,1,7.5,2020-06-27_08-56-39_camera104/00001.jpg,other
2020-06-27_08-56-39_camera104,pskuss,train,,2,15.0,2020-06-27_08-56-39_camera104/00002.jpg,other
2020-06-27_08-56-39_camera104,pskuss,train,,3,22.5,2020-06-27_08-56-39_camera104/00003.jpg,other
2020-06-27_08-56-39_camera104,pskuss,train,,4,30.0,2020-06-27_08-56-39_camera104/00004.jpg,other
2020-06-27_08-56-39_camera104,pskuss,train,,5,37.5,2020-06-27_08-56-39_camera104/00005.jpg,other
2020-06-27_08-56-39_camera104,pskuss,train,,6,45.0,2020-06-27_08-56-39_camera104/00006.jpg,other
2020-06-27_08-56-39_camera104,pskuss,train,,7,52.5,2020-06-27_08-56-39_camera104/00007.jpg,other
2020-06-27_08-56-39_camera104,pskuss,train,,8,60.0,2020-06-27_08-56-39_camera104/00008.jpg,other
2020-06-27_08-56-39_camera104,pskuss,train,,9,67.5,2020-06-27_08-56-39_camera104/00009.jpg,other
2020-06-27_08-56-39_camera104,pskuss,train,,10,75.0,2020-06-27_08-56-39_camera104/00010.jpg,other
2020-06-27_08-56-39_camera104,pskuss,train,,11,82.5,2020-06-27_08-56-39_camera104/00011.jpg,other
2020-06-27_08-56-39_camera104,pskuss,train,,12,90.0,2020-06-27_08-56-39_camera104/00012.jpg,other
2020-06-27_08-56-39_camera104,pskuss,train,,13,97.5,2020-06-27_08-56-39_camera104/00013.jpg,other
2020-06-27_08-56-39_camera104,pskuss,train,,14,105.0,2020-06-27_08-56-39_camera104/00014.jpg,other
2020-06-27_08-56-39_camera104,pskuss,train,,15,112.5,2020-06-27_08-56-39_camera104/00015.jpg,other
2020-06-27_08-56-39_camera104,pskuss,train,,16,120.0,2020-06-27_08-56-39_camera104/00016.jpg,other
2020-06-27_08-56-39_camera104,pskuss,train,,17,127.5,2020-06-27_08-56-39_camera104/00017.jpg,other
2020-06-27_08-56-39_camera104,pskuss,train,,18,135.0,2020-06-27_08-56-39_camera104/00018.jpg,other
2020-06-27_08-56-39_camera104,pskuss,train,,19,142.5,2020-06-27_08-56-39_camera104/00019.jpg,other
2020-06-27_08-56-39_camera104,pskuss,train,,20,150.0,2020-06-27_08-56-39_camera104/00020.jpg,other
2020-06-27_08-56-39_camera104,pskuss,train,,21,157.5,2020-06-27_08-56-39_camera104/00021.jpg,other
2020-06-27_08-56-39_camera104,pskuss,train,,22,165.0,2020-06-27_08-56-39_camera104/00022.jpg,other
2020-06-27_08-56-39_camera104,pskuss,train,,23,172.5,2020-06-27_08-56-39_camera104/00023.jpg,other
2020-06-27_08-56-39_camera104,pskuss,train,,24,180.0,2020-06-27_08-56-39_camera104/00024.jpg,other
2020-06-27_08-56-39_camera104,pskuss,train,,25,187.5,2020-06-27_08-56-39_camera104/00025.jpg,other
2020-06-27_08-56-39_camera104,pskuss,train,,26,195.0,2020-06-27_08-56-39_camera104/00026.jpg,other
2020-06-27_08-56-39_camera104,pskuss,train,,27,202.5,2020-06-27_08-56-39_camera104/00027.jpg,other
2020-06-27_08-56-39_camera104,pskuss,train,,28,210.0,2020-06-27_08-56-39_camera104/00028.jpg,other
2020-06-27_08-56-39_camera104,pskuss,train,,29,217.5,2020-06-27_08-56-39_camera104/00029.jpg,other
2020-06-27_08-56-39_camera104,pskuss,train,,30,225.0,2020-06-27_08-56-39_camera104/00030.jpg,other
2020-06-27_08-56-39_camera104,pskuss,train,,31,232.5,2020-06-27_08-56-39_camera104/00031.jpg,other
2020-06-27_08-56-39_camera104,pskuss,train,,32,240.0,2020-06-27_08-56-39_camera104/00032.jpg,other
2020-06-27_08-56-39_camera104,pskuss,train,,33,247.5,2020-06-27_08-56-39_camera104/00033.jpg,other
2020-06-27_08-56-39_camera104,pskuss,train,,34,255.0,2020-06-27_08-56-39_camera104/00034.jpg,other
2020-06-27_08-56-39_camera104,pskuss,train,,35,262.5,2020-06-27_08-56-39_camera104/00035.jpg,other
2020-06-27_08-56-39_camera104,pskuss,train,,36,270.0,2020-06-27_08-56-39_camera104/00036.jpg,other
2020-06-27_08-56-39_camera104,pskuss,train,,37,277.5,2020-06-27_08-56-39_camera104/00037.jpg,other
2020-06-27_08-56-39_camera104,pskuss,train,,38,285.0,2020-06-27_08-56-39_camera104/00038.jpg,other
2020-06-27_08-56-39_camera104,pskuss,train,,39,292.5,2020-06-27_08-56-39_camera104/00039.jpg,other
2020-06-27_08-56-39_camera104,pskuss,train,,40,300.0,2020-06-27_08-56-39_camera104/00040.jpg,other
2020-06-27_08-56-39_camera104,pskuss,train,,41,307.5,2020-06-27_08-56-39_camera104/00041.jpg,other
2020-06-27_08-56-39_camera104,pskuss,train,,42,315.0,2020-06-27_08-56-39_camera104/00042.jpg,other
2020-06-27_08-56-39_camera104,pskuss,train,,43,322.5,2020-06-27_08-56-39_camera104/00043.jpg,other
2020-06-27_08-56-39_camera104,pskuss,train,,44,330.0,2020-06-27_08-56-39_camera104/00044.jpg,other
2020-06-27_08-56-39_camera104,pskuss,train,,45,337.5,2020-06-27_08-56-39_camera104/00045.jpg,other
2020-06-27_08-56-39_camera104,pskuss,train,,46,345.0,2020-06-27_08-56-39_camera104/00046.jpg,other
2020-06-27_08-56-39_camera104,pskuss,train,,47,352.5,2020-06-27_08-56-39_camera104/00047.jpg,other
2020-06-27_08-56-39_camera104,pskuss,train,,48,360.0,2020-06-27_08-56-39_camera104/00048.jpg,other
2020-06-27_08-56-39_camera104,pskuss,train,,49,367.5,2020-06-27_08-56-39_camera104/00049.jpg,other
2020-06-27_08-56-39_camera104,pskuss,train,,50,375.0,2020-06-27_08-56-39_camera104/00050.jpg,other
2020-06-27_08-56-39_camera104,pskuss,train,,51,382.5,2020-06-27_08-56-39_camera104/00051.jpg,other
2020-06-27_08-56-39_camera104,pskuss,train,,52,390.0,2020-06-27_08-56-39_camera104/00052.jpg,other
2020-06-27_08-56-39_camera104,pskuss,train,,53,397.5,2020-06-27_08-56-39_camera104/00053.jpg,other
2020-06-27_08-56-39_camera104,pskuss,train,,54,405.0,2020-06-27_08-56-39_camera104/00054.jpg,other
2020-06-27_08-56-39_camera104,pskuss,train,,55,412.5,2020-06-27_08-56-39_camera104/00055.jpg,other
2020-06-27_08-56-39_camera104,pskuss,train,,56,420.0,2020-06-27_08-56-39_camera104/00056.jpg,other
2020-06-27_08-56-39_camera104,pskuss,train,,57,427.5,2020-06-27_08-56-39_camera104/00057.jpg,other
2020-06-27_08-56-39_camera104,pskuss,train,,58,435.0,2020-06-27_08-56-39_camera104/00058.jpg,other
2020-06-27_08-56-39_camera104,pskuss,train,,59,442.5,2020-06-27_08-56-39_camera104/00059.jpg,other
2020-06-27_08-56-39_camera104,pskuss,train,,60,450.0,2020-06-27_08-56-39_camera104/00060.jpg,other
2020-06-27_08-56-39_camera104,pskuss,train,,61,457.5,2020-06-27_08-56-39_camera104/00061.jpg,other
2020-06-27_08-56-39_camera104,pskuss,train,,62,465.0,2020-06-27_08-56-39_camera104/00062.jpg,other
2020-06-27_08-56-39_camera104,pskuss,train,,63,472.5,2020-06-27_08-56-39_camera104/00063.jpg,other
2020-06-27_08-56-39_camera104,pskuss,train,,64,480.0,2020-06-27_08-56-39_camera104/00064.jpg,other
2020-06-27_08-56-39_camera104,pskuss,train,,65,487.5,2020-06-27_08-56-39_camera104/00065.jpg,other
2020-06-27_08-56-39_camera104,pskuss,train,,66,495.0,2020-06-27_08-56-39_camera104/00066.jpg,other
2020-06-27_08-56-39_camera104,pskuss,train,,67,502.5,2020-06-27_08-56-39_camera104/00067.jpg,other
2020-06-27_08-56-39_camera104,pskuss,train,,68,510.0,2020-06-27_08-56-39_camera104/00068.jpg,other
2020-06-27_08-56-39_camera104,pskuss,train,,69,517.5,2020-06-27_08-56-39_camera104/00069.jpg,other
2020-06-27_08-56-39_camera104,pskuss,train,,70,525.0,2020-06-27_08-56-39_camera104/00070.jpg,other
2020-06-27_08-56-39_camera104,pskuss,train,,71,532.5,2020-06-27_08-56-39_camera104/00071.jpg,other
2020-06-27_08-56-39_camera104,pskuss,train,,72,540.0,2020-06-27_08-56-39_camera104/00072.jpg,other
2020-06-27_08-56-39_camera104,pskuss,train,,73,547.5,2020-06-27_08-56-39_camera104/00073.jpg,other
2020-06-27_08-56-39_camera104,pskuss,train,,74,555.0,2020-06-27_08-56-39_camera104/00074.jpg,other
2020-06-27_08-56-39_camera104,pskuss,train,,75,562.5,2020-06-27_08-56-39_camera104/00075.jpg,other
2020-06-27_08-56-39_camera104,pskuss,train,,76,570.0,2020-06-27_08-56-39_camera104/00076.jpg,other
2020-06-27_08-56-39_camera104,pskuss,train,,77,577.5,2020-06-27_08-56-39_camera104/00077.jpg,other
2020-06-27_08-56-39_camera104,pskuss,train,,78,585.0,2020-06-27_08-56-39_camera104/00078.jpg,other
2020-06-27_08-56-39_camera104,pskuss,train,,79,592.5,2020-06-27_08-56-39_camera104/00079.jpg,other
2020-06-27_08-56-39_camera104,pskuss,train,,80,600.0,2020-06-27_08-56-39_camera104/00080.jpg,other
2020-06-27_08-56-39_camera104,pskuss,train,,81,607.5,2020-06-27_08-56-39_camera104/00081.jpg,other
2020-06-27_08-56-39_camera104,pskuss,train,,82,615.0,2020-06-27_08-56-39_camera104/00082.jpg,other
2020-06-27_08-56-39_camera104,pskuss,train,,83,622.5,2020-06-27_08-56-39_camera104/00083.jpg,other
2020-06-27_08-56-39_camera104,pskuss,train,,84,630.0,2020-06-27_08-56-39_camera104/00084.jpg,other
2020-06-27_08-56-39_camera104,pskuss,train,,85,637.5,2020-06-27_08-56-39_camera104/00085.jpg,other
2020-06-27_08-56-39_camera104,pskuss,train,,86,645.0,2020-06-27_08-56-39_camera104/00086.jpg,other
2020-06-27_08-56-39_camera104,pskuss,train,,87,652.5,2020-06-27_08-56-39_camera104/00087.jpg,other
2020-06-27_08-56-39_camera104,pskuss,train,,88,660.0,2020-06-27_08-56-39_camera104/00088.jpg,other
2020-06-27_08-56-39_camera104,pskuss,train,,89,667.5,2020-06-27_08-56-39_camera104/00089.jpg,other
2020-06-27_08-56-39_camera104,pskuss,train,,90,675.0,2020-06-27_08-56-39_camera104/00090.jpg,other
2020-06-27_08-56-39_camera104,pskuss,train,,91,682.5,2020-06-27_08-56-39_camera104/00091.jpg,other
2020-06-27_08-56-39_camera104,pskuss,train,,92,690.0,2020-06-27_08-56-39_camera104/00092.jpg,other
2020-06-27_08-56-39_camera104,pskuss,train,,93,697.5,2020-06-27_08-56-39_camera104/00093.jpg,other
2020-06-27_08-56-39_camera104,pskuss,train,,94,705.0,2020-06-27_08-56-39_camera104/00094.jpg,other
2020-06-27_08-56-39_camera104,pskuss,train,,95,712.5,2020-06-27_08-56-39_camera104/00095.jpg,other
2020-06-27_08-56-39_camera104,pskuss,train,,96,720.0,2020-06-27_08-56-39_camera104/00096.jpg,other
2020-06-27_08-56-39_camera104,pskuss,train,,97,727.5,2020-06-27_08-56-39_camera104/00097.jpg,other
2020-06-27_08-56-39_camera104,pskuss,train,,98,735.0,2020-06-27_08-56-39_camera104/00098.jpg,other
2020-06-27_08-56-39_camera104,pskuss,train,,99,742.5,2020-06-27_08-56-39_camera104/00099.jpg,other
2020-06-27_08-56-39_camera104,pskuss,train,,100,750.0,2020-06-27_08-56-39_camera104/00100.jpg,other
2020-06-27_08-56-39_camera104,pskuss,train,,101,757.5,2020-06-27_08-56-39_camera104/00101.jpg,other
2020-06-27_08-56-39_camera104,pskuss,train,,102,765.0,2020-06-27_08-56-39_camera104/00102.jpg,other
2020-06-27_08-56-39_camera104,pskuss,train,,103,772.5,2020-06-27_08-56-39_camera104/00103.jpg,other
2020-06-27_08-56-39_camera104,pskuss,train,,104,780.0,2020-06-27_08-56-39_camera104/00104.jpg,other
2020-06-27_08-56-39_camera104,pskuss,train,,105,787.5,2020-06-27_08-56-39_camera104/00105.jpg,other
2020-06-27_08-56-39_camera104,pskuss,train,,106,795.0,2020-06-27_08-56-39_camera104/00106.jpg,other
2020-06-27_08-56-39_camera104,pskuss,train,,107,802.5,2020-06-27_08-56-39_camera104/00107.jpg,other
2020-06-27_08-56-39_camera104,pskuss,train,,108,810.0,2020-06-27_08-56-39_camera104/00108.jpg,other
2020-06-27_08-56-39_camera104,pskuss,train,,109,817.5,2020-06-27_08-56-39_camera104/00109.jpg,other
2020-06-27_08-56-39_camera104,pskuss,train,,110,825.0,2020-06-27_08-56-39_camera104/00110.jpg,other
2020-06-27_08-56-39_camera104,pskuss,train,,111,832.5,2020-06-27_08-56-39_camera104/00111.jpg,other
2020-06-27_08-56-39_camera104,pskuss,train,,112,840.0,2020-06-27_08-56-39_camera104/00112.jpg,other
2020-06-27_08-56-39_camera104,pskuss,train,,113,847.5,2020-06-27_08-56-39_camera104/00113.jpg,other
2020-06-27_08-56-39_camera104,pskuss,train,,114,855.0,2020-06-27_08-56-39_camera104/00114.jpg,other
2020-06-27_08-56-39_camera104,pskuss,train,,115,862.5,2020-06-27_08-56-39_camera104/00115.jpg,other
2020-06-27_08-56-39_camera104,pskuss,train,,116,870.0,2020-06-27_08-56-39_camera104/00116.jpg,other
2020-06-27_08-56-39_camera104,pskuss,train,,117,877.5,2020-06-27_08-56-39_camera104/00117.jpg,other
2020-06-27_08-56-39_camera104,pskuss,train,,118,885.0,2020-06-27_08-56-39_camera104/00118.jpg,other
2020-06-27_08-56-39_camera104,pskuss,train,,119,892.5,2020-06-27_08-56-39_camera104/00119.jpg,other
2020-06-27_08-56-39_camera104,pskuss,train,,120,900.0,2020-06-27_08-56-39_camera104/00120.jpg,other
2020-06-27_08-56-39_camera104,pskuss,train,,121,907.5,2020-06-27_08-56-39_camera104/00121.jpg,other
2020-06-27_08-56-39_camera104,pskuss,train,,122,915.0,2020-06-27_08-56-39_camera104/00122.jpg,other
2020-06-27_09-11-56_camera104,pskuss,train,,0,0.0,2020-06-27_09-11-56_camera104/00000.jpg,other
2020-06-27_09-11-56_camera104,pskuss,train,,1,7.5,2020-06-27_09-11-56_camera104/00001.jpg,other
2020-06-27_09-11-56_camera104,pskuss,train,,2,15.0,2020-06-27_09-11-56_camera104/00002.jpg,other
2020-06-27_09-11-56_camera104,pskuss,train,,3,22.5,2020-06-27_09-11-56_camera104/00003.jpg,other
2020-06-27_09-11-56_camera104,pskuss,train,,4,30.0,2020-06-27_09-11-56_camera104/00004.jpg,other
2020-06-27_09-11-56_camera104,pskuss,train,,5,37.5,2020-06-27_09-11-56_camera104/00005.jpg,other
2020-06-27_09-11-56_camera104,pskuss,train,,6,45.0,2020-06-27_09-11-56_camera104/00006.jpg,other
2020-06-27_09-11-56_camera104,pskuss,train,,7,52.5,2020-06-27_09-11-56_camera104/00007.jpg,other
2020-06-27_09-11-56_camera104,pskuss,train,,8,60.0,2020-06-27_09-11-56_camera104/00008.jpg,other
2020-06-27_09-11-56_camera104,pskuss,train,,9,67.5,2020-06-27_09-11-56_camera104/00009.jpg,other
2020-06-27_09-11-56_camera104,pskuss,train,,10,75.0,2020-06-27_09-11-56_camera104/00010.jpg,other
2020-06-27_09-11-56_camera104,pskuss,train,,11,82.5,2020-06-27_09-11-56_camera104/00011.jpg,other
2020-06-27_09-11-56_camera104,pskuss,train,,12,90.0,2020-06-27_09-11-56_camera104/00012.jpg,other
2020-06-27_09-11-56_camera104,pskuss,train,,13,97.5,2020-06-27_09-11-56_camera104/00013.jpg,other
2020-06-27_09-11-56_camera104,pskuss,train,,14,105.0,2020-06-27_09-11-56_camera104/00014.jpg,other
2020-06-27_09-11-56_camera104,pskuss,train,,15,112.5,2020-06-27_09-11-56_camera104/00015.jpg,other
2020-06-27_09-11-56_camera104,pskuss,train,,16,120.0,2020-06-27_09-11-56_camera104/00016.jpg,other
2020-06-27_09-11-56_camera104,pskuss,train,,17,127.5,2020-06-27_09-11-56_camera104/00017.jpg,other
2020-06-27_09-11-56_camera104,pskuss,train,,18,135.0,2020-06-27_09-11-56_camera104/00018.jpg,other
2020-06-27_09-11-56_camera104,pskuss,train,,19,142.5,2020-06-27_09-11-56_camera104/00019.jpg,other
2020-06-27_09-11-56_camera104,pskuss,train,,20,150.0,2020-06-27_09-11-56_camera104/00020.jpg,other
2020-06-27_09-11-56_camera104,pskuss,train,,21,157.5,2020-06-27_09-11-56_camera104/00021.jpg,other
2020-06-27_09-11-56_camera104,pskuss,train,,22,165.0,2020-06-27_09-11-56_camera104/00022.jpg,other
2020-06-27_09-11-56_camera104,pskuss,train,,23,172.5,2020-06-27_09-11-56_camera104/00023.jpg,other
2020-06-27_09-11-56_camera104,pskuss,train,,24,180.0,2020-06-27_09-11-56_camera104/00024.jpg,other
2020-06-27_09-11-56_camera104,pskuss,train,,25,187.5,2020-06-27_09-11-56_camera104/00025.jpg,other
2020-06-27_09-11-56_camera104,pskuss,train,,26,195.0,2020-06-27_09-11-56_camera104/00026.jpg,other
2020-06-27_09-11-56_camera104,pskuss,train,,27,202.5,2020-06-27_09-11-56_camera104/00027.jpg,other
2020-06-27_09-11-56_camera104,pskuss,train,,28,210.0,2020-06-27_09-11-56_camera104/00028.jpg,other
2020-06-27_09-11-56_camera104,pskuss,train,,29,217.5,2020-06-27_09-11-56_camera104/00029.jpg,other
2020-06-27_09-11-56_camera104,pskuss,train,,30,225.0,2020-06-27_09-11-56_camera104/00030.jpg,other
2020-06-27_09-11-56_camera104,pskuss,train,,31,232.5,2020-06-27_09-11-56_camera104/00031.jpg,other
2020-06-27_09-11-56_camera104,pskuss,train,,32,240.0,2020-06-27_09-11-56_camera104/00032.jpg,other
2020-06-27_09-11-56_camera104,pskuss,train,,33,247.5,2020-06-27_09-11-56_camera104/00033.jpg,other
2020-06-27_09-11-56_camera104,pskuss,train,,34,255.0,2020-06-27_09-11-56_camera104/00034.jpg,other
2020-06-27_09-11-56_camera104,pskuss,train,,35,262.5,2020-06-27_09-11-56_camera104/00035.jpg,other
2020-06-27_09-11-56_camera104,pskuss,train,,36,270.0,2020-06-27_09-11-56_camera104/00036.jpg,other
2020-06-27_09-11-56_camera104,pskuss,train,,37,277.5,2020-06-27_09-11-56_camera104/00037.jpg,other
2020-06-27_09-11-56_camera104,pskuss,train,,38,285.0,2020-06-27_09-11-56_camera104/00038.jpg,other
2020-06-27_09-11-56_camera104,pskuss,train,,39,292.5,2020-06-27_09-11-56_camera104/00039.jpg,other
2020-06-27_09-11-56_camera104,pskuss,train,,40,300.0,2020-06-27_09-11-56_camera104/00040.jpg,other
2020-06-27_09-11-56_camera104,pskuss,train,,41,307.5,2020-06-27_09-11-56_camera104/00041.jpg,other
2020-06-27_09-11-56_camera104,pskuss,train,,42,315.0,2020-06-27_09-11-56_camera104/00042.jpg,other
2020-06-27_09-11-56_camera104,pskuss,train,,43,322.5,2020-06-27_09-11-56_camera104/00043.jpg,other
2020-06-27_09-11-56_camera104,pskuss,train,,44,330.0,2020-06-27_09-11-56_camera104/00044.jpg,other
2020-06-27_09-11-56_camera104,pskuss,train,,45,337.5,2020-06-27_09-11-56_camera104/00045.jpg,other
2020-06-27_09-11-56_camera104,pskuss,train,,46,345.0,2020-06-27_09-11-56_camera104/00046.jpg,other
2020-06-27_09-47-33_camera104,pskuss,train,,0,0.0,2020-06-27_09-47-33_camera104/00000.jpg,other
2020-06-27_09-47-33_camera104,pskuss,train,,1,7.5,2020-06-27_09-47-33_camera104/00001.jpg,other
2020-06-27_09-47-33_camera104,pskuss,train,,2,15.0,2020-06-27_09-47-33_camera104/00002.jpg,other
2020-06-27_09-47-33_camera104,pskuss,train,,3,22.5,2020-06-27_09-47-33_camera104/00003.jpg,other
2020-06-27_09-47-33_camera104,pskuss,train,,4,30.0,2020-06-27_09-47-33_camera104/00004.jpg,other
2020-06-27_09-47-33_camera104,pskuss,train,,5,37.5,2020-06-27_09-47-33_camera104/00005.jpg,other
2020-06-27_09-47-33_camera104,pskuss,train,,6,45.0,2020-06-27_09-47-33_camera104/00006.jpg,other
2020-06-27_09-47-33_camera104,pskuss,train,,7,52.5,2020-06-27_09-47-33_camera104/00007.jpg,other
2020-06-27_09-47-33_camera104,pskuss,train,,8,60.0,2020-06-27_09-47-33_camera104/00008.jpg,other
2020-06-27_09-47-33_camera104,pskuss,train,,9,67.5,2020-06-27_09-47-33_camera104/00009.jpg,other
2020-06-27_09-47-33_camera104,pskuss,train,,10,75.0,2020-06-27_09-47-33_camera104/00010.jpg,other
2020-06-27_09-47-33_camera104,pskuss,train,,11,82.5,2020-06-27_09-47-33_camera104/00011.jpg,other
2020-06-27_09-47-33_camera104,pskuss,train,,12,90.0,2020-06-27_09-47-33_camera104/00012.jpg,other
2020-06-27_09-47-33_camera104,pskuss,train,,13,97.5,2020-06-27_09-47-33_camera104/00013.jpg,other
2020-06-27_09-47-33_camera104,pskuss,train,,14,105.0,2020-06-27_09-47-33_camera104/00014.jpg,other
2020-06-27_09-47-33_camera104,pskuss,train,,15,112.5,2020-06-27_09-47-33_camera104/00015.jpg,other
2020-06-27_09-47-33_camera104,pskuss,train,,16,120.0,2020-06-27_09-47-33_camera104/00016.jpg,other
2020-06-27_09-47-33_camera104,pskuss,train,,17,127.5,2020-06-27_09-47-33_camera104/00017.jpg,other
2020-06-27_09-47-33_camera104,pskuss,train,,18,135.0,2020-06-27_09-47-33_camera104/00018.jpg,other
2020-06-27_09-47-33_camera104,pskuss,train,,19,142.5,2020-06-27_09-47-33_camera104/00019.jpg,other
2020-06-27_09-47-33_camera104,pskuss,train,,20,150.0,2020-06-27_09-47-33_camera104/00020.jpg,other
2020-06-27_09-47-33_camera104,pskuss,train,,21,157.5,2020-06-27_09-47-33_camera104/00021.jpg,other
2020-06-27_09-47-33_camera104,pskuss,train,,22,165.0,2020-06-27_09-47-33_camera104/00022.jpg,other
2020-06-27_09-47-33_camera104,pskuss,train,,23,172.5,2020-06-27_09-47-33_camera104/00023.jpg,other
2020-06-27_09-47-33_camera104,pskuss,train,,24,180.0,2020-06-27_09-47-33_camera104/00024.jpg,other
2020-06-27_09-47-33_camera104,pskuss,train,,25,187.5,2020-06-27_09-47-33_camera104/00025.jpg,other
2020-06-27_09-47-33_camera104,pskuss,train,,26,195.0,2020-06-27_09-47-33_camera104/00026.jpg,other
2020-06-27_09-47-33_camera104,pskuss,train,,27,202.5,2020-06-27_09-47-33_camera104/00027.jpg,other
2020-06-27_09-47-33_camera104,pskuss,train,,28,210.0,2020-06-27_09-47-33_camera104/00028.jpg,other
2020-06-27_09-47-33_camera104,pskuss,train,,29,217.5,2020-06-27_09-47-33_camera104/00029.jpg,other
2020-06-27_09-47-33_camera104,pskuss,train,,30,225.0,2020-06-27_09-47-33_camera104/00030.jpg,other
2020-06-27_09-47-33_camera104,pskuss,train,,31,232.5,2020-06-27_09-47-33_camera104/00031.jpg,other
2020-06-27_09-47-33_camera104,pskuss,train,,32,240.0,2020-06-27_09-47-33_camera104/00032.jpg,other
2020-06-27_09-47-33_camera104,pskuss,train,,33,247.5,2020-06-27_09-47-33_camera104/00033.jpg,other
2020-06-27_09-47-33_camera104,pskuss,train,,34,255.0,2020-06-27_09-47-33_camera104/00034.jpg,other
2020-06-27_09-47-33_camera104,pskuss,train,,35,262.5,2020-06-27_09-47-33_camera104/00035.jpg,other
2020-06-27_09-47-33_camera104,pskuss,train,,36,270.0,2020-06-27_09-47-33_camera104/00036.jpg,other
2020-06-27_09-47-33_camera104,pskuss,train,,37,277.5,2020-06-27_09-47-33_camera104/00037.jpg,other
2020-06-27_09-47-33_camera104,pskuss,train,,38,285.0,2020-06-27_09-47-33_camera104/00038.jpg,other
2020-06-27_09-47-33_camera104,pskuss,train,,39,292.5,2020-06-27_09-47-33_camera104/00039.jpg,other
2020-06-27_09-47-33_camera104,pskuss,train,,40,300.0,2020-06-27_09-47-33_camera104/00040.jpg,other
2020-06-27_09-47-33_camera104,pskuss,train,,41,307.5,2020-06-27_09-47-33_camera104/00041.jpg,other
2020-06-27_09-47-33_camera104,pskuss,train,,42,315.0,2020-06-27_09-47-33_camera104/00042.jpg,other
2020-06-27_09-47-33_camera104,pskuss,train,,43,322.5,2020-06-27_09-47-33_camera104/00043.jpg,other
2020-06-27_09-47-33_camera104,pskuss,train,,44,330.0,2020-06-27_09-47-33_camera104/00044.jpg,other
2020-06-27_09-47-33_camera104,pskuss,train,,45,337.5,2020-06-27_09-47-33_camera104/00045.jpg,other
2020-06-27_09-47-33_camera104,pskuss,train,,46,345.0,2020-06-27_09-47-33_camera104/00046.jpg,other
2020-06-27_09-47-33_camera104,pskuss,train,,47,352.5,2020-06-27_09-47-33_camera104/00047.jpg,other
2020-06-27_09-47-33_camera104,pskuss,train,,48,360.0,2020-06-27_09-47-33_camera104/00048.jpg,other
2020-06-27_09-47-33_camera104,pskuss,train,,49,367.5,2020-06-27_09-47-33_camera104/00049.jpg,other
2020-06-27_09-47-33_camera104,pskuss,train,,50,375.0,2020-06-27_09-47-33_camera104/00050.jpg,other
2020-06-27_09-47-33_camera104,pskuss,train,,51,382.5,2020-06-27_09-47-33_camera104/00051.jpg,other
2020-06-27_09-47-33_camera104,pskuss,train,,52,390.0,2020-06-27_09-47-33_camera104/00052.jpg,other
2020-06-27_09-47-33_camera104,pskuss,train,,53,397.5,2020-06-27_09-47-33_camera104/00053.jpg,other
2020-06-27_09-47-33_camera104,pskuss,train,,54,405.0,2020-06-27_09-47-33_camera104/00054.jpg,other
2020-06-27_09-47-33_camera104,pskuss,train,,55,412.5,2020-06-27_09-47-33_camera104/00055.jpg,other
2020-06-27_09-47-33_camera104,pskuss,train,,56,420.0,2020-06-27_09-47-33_camera104/00056.jpg,other
2020-06-27_09-47-33_camera104,pskuss,train,,57,427.5,2020-06-27_09-47-33_camera104/00057.jpg,other
2020-06-27_09-47-33_camera104,pskuss,train,,58,435.0,2020-06-27_09-47-33_camera104/00058.jpg,other
2020-06-27_09-47-33_camera104,pskuss,train,,59,442.5,2020-06-27_09-47-33_camera104/00059.jpg,other
2020-06-27_09-47-33_camera104,pskuss,train,,60,450.0,2020-06-27_09-47-33_camera104/00060.jpg,other
2020-06-27_09-47-33_camera104,pskuss,train,,61,457.5,2020-06-27_09-47-33_camera104/00061.jpg,other
2020-06-27_09-47-33_camera104,pskuss,train,,62,465.0,2020-06-27_09-47-33_camera104/00062.jpg,other
2020-06-27_09-47-33_camera104,pskuss,train,,63,472.5,2020-06-27_09-47-33_camera104/00063.jpg,other
2020-06-27_09-47-33_camera104,pskuss,train,,64,480.0,2020-06-27_09-47-33_camera104/00064.jpg,other
2020-06-27_09-47-33_camera104,pskuss,train,,65,487.5,2020-06-27_09-47-33_camera104/00065.jpg,other
2020-06-27_09-47-33_camera104,pskuss,train,,66,495.0,2020-06-27_09-47-33_camera104/00066.jpg,other
2020-06-27_09-47-33_camera104,pskuss,train,,67,502.5,2020-06-27_09-47-33_camera104/00067.jpg,other
2020-06-27_09-47-33_camera104,pskuss,train,,68,510.0,2020-06-27_09-47-33_camera104/00068.jpg,other
2020-06-27_09-47-33_camera104,pskuss,train,,69,517.5,2020-06-27_09-47-33_camera104/00069.jpg,other
2020-06-27_09-47-33_camera104,pskuss,train,,70,525.0,2020-06-27_09-47-33_camera104/00070.jpg,other
2020-06-27_09-47-33_camera104,pskuss,train,,71,532.5,2020-06-27_09-47-33_camera104/00071.jpg,other
2020-06-27_09-47-33_camera104,pskuss,train,,72,540.0,2020-06-27_09-47-33_camera104/00072.jpg,other
2020-06-27_09-47-33_camera104,pskuss,train,,73,547.5,2020-06-27_09-47-33_camera104/00073.jpg,other
2020-06-27_09-47-33_camera104,pskuss,train,,74,555.0,2020-06-27_09-47-33_camera104/00074.jpg,other
2020-06-27_09-47-33_camera104,pskuss,train,,75,562.5,2020-06-27_09-47-33_camera104/00075.jpg,other
2020-06-27_09-47-33_camera104,pskuss,train,,76,570.0,2020-06-27_09-47-33_camera104/00076.jpg,other
2020-06-27_09-47-33_camera104,pskuss,train,,77,577.5,2020-06-27_09-47-33_camera104/00077.jpg,other
2020-06-27_09-47-33_camera104,pskuss,train,,78,585.0,2020-06-27_09-47-33_camera104/00078.jpg,other
2020-06-27_09-47-33_camera104,pskuss,train,,79,592.5,2020-06-27_09-47-33_camera104/00079.jpg,other
2020-06-27_09-47-33_camera104,pskuss,train,,80,600.0,2020-06-27_09-47-33_camera104/00080.jpg,other
2020-06-27_09-47-33_camera104,pskuss,train,,81,607.5,2020-06-27_09-47-33_camera104/00081.jpg,other
2020-06-27_09-47-33_camera104,pskuss,train,,82,615.0,2020-06-27_09-47-33_camera104/00082.jpg,other
2020-06-27_09-47-33_camera104,pskuss,train,,83,622.5,2020-06-27_09-47-33_camera104/00083.jpg,other
2020-06-27_09-47-33_camera104,pskuss,train,,84,630.0,2020-06-27_09-47-33_camera104/00084.jpg,other
2020-06-27_09-47-33_camera104,pskuss,train,,85,637.5,2020-06-27_09-47-33_camera104/00085.jpg,other
2020-06-27_09-47-33_camera104,pskuss,train,,86,645.0,2020-06-27_09-47-33_camera104/00086.jpg,other
2020-06-27_09-47-33_camera104,pskuss,train,,87,652.5,2020-06-27_09-47-33_camera104/00087.jpg,other
2020-06-27_09-47-33_camera104,pskuss,train,,88,660.0,2020-06-27_09-47-33_camera104/00088.jpg,other
2020-06-27_09-47-33_camera104,pskuss,train,,89,667.5,2020-06-27_09-47-33_camera104/00089.jpg,other
2020-06-27_09-47-33_camera104,pskuss,train,,90,675.0,2020-06-27_09-47-33_camera104/00090.jpg,other
2020-06-27_09-47-33_camera104,pskuss,train,,91,682.5,2020-06-27_09-47-33_camera104/00091.jpg,other
2020-06-27_09-47-33_camera104,pskuss,train,,92,690.0,2020-06-27_09-47-33_camera104/00092.jpg,other
2020-06-27_09-47-33_camera104,pskuss,train,,93,697.5,2020-06-27_09-47-33_camera104/00093.jpg,other
2020-06-27_09-47-33_camera104,pskuss,train,,94,705.0,2020-06-27_09-47-33_camera104/00094.jpg,other
2020-06-27_09-47-33_camera104,pskuss,train,,95,712.5,2020-06-27_09-47-33_camera104/00095.jpg,other
2020-06-27_09-47-33_camera104,pskuss,train,,96,720.0,2020-06-27_09-47-33_camera104/00096.jpg,other
2020-06-27_09-47-33_camera104,pskuss,train,,97,727.5,2020-06-27_09-47-33_camera104/00097.jpg,other
2020-06-27_09-47-33_camera104,pskuss,train,,98,735.0,2020-06-27_09-47-33_camera104/00098.jpg,other
2020-06-27_09-47-33_camera104,pskuss,train,,99,742.5,2020-06-27_09-47-33_camera104/00099.jpg,other
2020-06-27_09-47-33_camera104,pskuss,train,,100,750.0,2020-06-27_09-47-33_camera104/00100.jpg,other
2020-06-27_09-47-33_camera104,pskuss,train,,101,757.5,2020-06-27_09-47-33_camera104/00101.jpg,other
2020-06-27_09-47-33_camera104,pskuss,train,,102,765.0,2020-06-27_09-47-33_camera104/00102.jpg,other
2020-06-27_09-47-33_camera104,pskuss,train,,103,772.5,2020-06-27_09-47-33_camera104/00103.jpg,other
2020-06-27_09-47-33_camera104,pskuss,train,,104,780.0,2020-06-27_09-47-33_camera104/00104.jpg,other
2020-06-27_09-47-33_camera104,pskuss,train,,105,787.5,2020-06-27_09-47-33_camera104/00105.jpg,other
2020-06-27_09-47-33_camera104,pskuss,train,,106,795.0,2020-06-27_09-47-33_camera104/00106.jpg,other
2020-06-27_09-47-33_camera104,pskuss,train,,107,802.5,2020-06-27_09-47-33_camera104/00107.jpg,other
2020-06-27_09-47-33_camera104,pskuss,train,,108,810.0,2020-06-27_09-47-33_camera104/00108.jpg,other
2020-06-27_09-47-33_camera104,pskuss,train,,109,817.5,2020-06-27_09-47-33_camera104/00109.jpg,other
2020-06-27_09-47-33_camera104,pskuss,train,,110,825.0,2020-06-27_09-47-33_camera104/00110.jpg,other
2020-06-27_09-47-33_camera104,pskuss,train,,111,832.5,2020-06-27_09-47-33_camera104/00111.jpg,other
2020-06-27_10-08-30_camera104,pskuss,train,,0,0.0,2020-06-27_10-08-30_camera104/00000.jpg,other
2020-06-27_10-08-30_camera104,pskuss,train,,1,7.5,2020-06-27_10-08-30_camera104/00001.jpg,other
2020-06-27_10-08-30_camera104,pskuss,train,,2,15.0,2020-06-27_10-08-30_camera104/00002.jpg,other
2020-06-27_10-08-30_camera104,pskuss,train,,3,22.5,2020-06-27_10-08-30_camera104/00003.jpg,other
2020-06-27_10-08-30_camera104,pskuss,train,,4,30.0,2020-06-27_10-08-30_camera104/00004.jpg,other
2020-06-27_10-08-30_camera104,pskuss,train,,5,37.5,2020-06-27_10-08-30_camera104/00005.jpg,other
2020-06-27_10-08-30_camera104,pskuss,train,,6,45.0,2020-06-27_10-08-30_camera104/00006.jpg,other
2020-06-27_10-08-30_camera104,pskuss,train,,7,52.5,2020-06-27_10-08-30_camera104/00007.jpg,other
2020-06-27_10-08-30_camera104,pskuss,train,,8,60.0,2020-06-27_10-08-30_camera104/00008.jpg,other
2020-06-27_10-08-30_camera104,pskuss,train,,9,67.5,2020-06-27_10-08-30_camera104/00009.jpg,other
2020-06-27_10-08-30_camera104,pskuss,train,,10,75.0,2020-06-27_10-08-30_camera104/00010.jpg,other
2020-06-27_10-08-30_camera104,pskuss,train,,11,82.5,2020-06-27_10-08-30_camera104/00011.jpg,other
2020-06-27_10-08-30_camera104,pskuss,train,,12,90.0,2020-06-27_10-08-30_camera104/00012.jpg,other
2020-06-27_10-08-30_camera104,pskuss,train,,13,97.5,2020-06-27_10-08-30_camera104/00013.jpg,other
2020-06-27_10-08-30_camera104,pskuss,train,,14,105.0,2020-06-27_10-08-30_camera104/00014.jpg,other
2020-06-27_10-08-30_camera104,pskuss,train,,15,112.5,2020-06-27_10-08-30_camera104/00015.jpg,other
2020-06-27_10-08-30_camera104,pskuss,train,,16,120.0,2020-06-27_10-08-30_camera104/00016.jpg,other
2020-06-27_10-08-30_camera104,pskuss,train,,17,127.5,2020-06-27_10-08-30_camera104/00017.jpg,other
2020-06-27_10-08-30_camera104,pskuss,train,,18,135.0,2020-06-27_10-08-30_camera104/00018.jpg,other
2020-06-27_10-08-30_camera104,pskuss,train,,19,142.5,2020-06-27_10-08-30_camera104/00019.jpg,other
2020-06-27_10-08-30_camera104,pskuss,train,,20,150.0,2020-06-27_10-08-30_camera104/00020.jpg,other
2020-06-27_10-08-30_camera104,pskuss,train,,21,157.5,2020-06-27_10-08-30_camera104/00021.jpg,other
2020-06-27_10-08-30_camera104,pskuss,train,,22,165.0,2020-06-27_10-08-30_camera104/00022.jpg,other
2020-06-27_10-08-30_camera104,pskuss,train,,23,172.5,2020-06-27_10-08-30_camera104/00023.jpg,other
2020-06-27_10-08-30_camera104,pskuss,train,,24,180.0,2020-06-27_10-08-30_camera104/00024.jpg,other
2020-06-27_10-08-30_camera104,pskuss,train,,25,187.5,2020-06-27_10-08-30_camera104/00025.jpg,other
2020-06-27_10-08-30_camera104,pskuss,train,,26,195.0,2020-06-27_10-08-30_camera104/00026.jpg,other
2020-06-27_10-08-30_camera104,pskuss,train,,27,202.5,2020-06-27_10-08-30_camera104/00027.jpg,other
2020-06-27_10-08-30_camera104,pskuss,train,,28,210.0,2020-06-27_10-08-30_camera104/00028.jpg,other
2020-06-27_10-08-30_camera104,pskuss,train,,29,217.5,2020-06-27_10-08-30_camera104/00029.jpg,other
2020-06-27_10-08-30_camera104,pskuss,train,,30,225.0,2020-06-27_10-08-30_camera104/00030.jpg,other
2020-06-27_10-08-30_camera104,pskuss,train,,31,232.5,2020-06-27_10-08-30_camera104/00031.jpg,other
2020-06-27_10-08-30_camera104,pskuss,train,,32,240.0,2020-06-27_10-08-30_camera104/00032.jpg,other
2020-06-27_10-08-30_camera104,pskuss,train,,33,247.5,2020-06-27_10-08-30_camera104/00033.jpg,other
2020-06-27_10-08-30_camera104,pskuss,train,,34,255.0,2020-06-27_10-08-30_camera104/00034.jpg,other
2020-06-27_10-08-30_camera104,pskuss,train,,35,262.5,2020-06-27_10-08-30_camera104/00035.jpg,other
2020-06-27_10-08-30_camera104,pskuss,train,,36,270.0,2020-06-27_10-08-30_camera104/00036.jpg,other
2020-06-27_10-08-30_camera104,pskuss,train,,37,277.5,2020-06-27_10-08-30_camera104/00037.jpg,other
2020-06-27_10-08-30_camera104,pskuss,train,,38,285.0,2020-06-27_10-08-30_camera104/00038.jpg,other
2020-06-27_10-08-30_camera104,pskuss,train,,39,292.5,2020-06-27_10-08-30_camera104/00039.jpg,other
2020-06-27_10-08-30_camera104,pskuss,train,,40,300.0,2020-06-27_10-08-30_camera104/00040.jpg,other
2020-06-27_10-08-30_camera104,pskuss,train,,41,307.5,2020-06-27_10-08-30_camera104/00041.jpg,other
2020-06-27_10-08-30_camera104,pskuss,train,,42,315.0,2020-06-27_10-08-30_camera104/00042.jpg,other
2020-06-27_10-08-30_camera104,pskuss,train,,43,322.5,2020-06-27_10-08-30_camera104/00043.jpg,other
2020-06-27_10-08-30_camera104,pskuss,train,,44,330.0,2020-06-27_10-08-30_camera104/00044.jpg,other
2020-06-27_10-08-30_camera104,pskuss,train,,45,337.5,2020-06-27_10-08-30_camera104/00045.jpg,other
2020-06-27_10-08-30_camera104,pskuss,train,,46,345.0,2020-06-27_10-08-30_camera104/00046.jpg,other
2020-06-27_10-08-30_camera104,pskuss,train,,47,352.5,2020-06-27_10-08-30_camera104/00047.jpg,other
2020-06-27_10-08-30_camera104,pskuss,train,,48,360.0,2020-06-27_10-08-30_camera104/00048.jpg,other
2020-06-27_10-08-30_camera104,pskuss,train,,49,367.5,2020-06-27_10-08-30_camera104/00049.jpg,other
2020-06-27_10-08-30_camera104,pskuss,train,,50,375.0,2020-06-27_10-08-30_camera104/00050.jpg,other
2020-06-27_10-08-30_camera104,pskuss,train,,51,382.5,2020-06-27_10-08-30_camera104/00051.jpg,other
2020-06-27_10-08-30_camera104,pskuss,train,,52,390.0,2020-06-27_10-08-30_camera104/00052.jpg,other
2020-06-27_10-08-30_camera104,pskuss,train,,53,397.5,2020-06-27_10-08-30_camera104/00053.jpg,other
2020-06-27_10-08-30_camera104,pskuss,train,,54,405.0,2020-06-27_10-08-30_camera104/00054.jpg,other
2020-06-27_10-08-30_camera104,pskuss,train,,55,412.5,2020-06-27_10-08-30_camera104/00055.jpg,other
2020-06-27_10-08-30_camera104,pskuss,train,,56,420.0,2020-06-27_10-08-30_camera104/00056.jpg,other
2020-06-27_10-08-30_camera104,pskuss,train,,57,427.5,2020-06-27_10-08-30_camera104/00057.jpg,other
2020-06-27_10-08-30_camera104,pskuss,train,,58,435.0,2020-06-27_10-08-30_camera104/00058.jpg,other
2020-06-27_10-08-30_camera104,pskuss,train,,59,442.5,2020-06-27_10-08-30_camera104/00059.jpg,other
2020-06-27_10-08-30_camera104,pskuss,train,,60,450.0,2020-06-27_10-08-30_camera104/00060.jpg,other
2020-06-27_10-08-30_camera104,pskuss,train,,61,457.5,2020-06-27_10-08-30_camera104/00061.jpg,other
2020-06-27_10-08-30_camera104,pskuss,train,,62,465.0,2020-06-27_10-08-30_camera104/00062.jpg,other
2020-06-27_10-08-30_camera104,pskuss,train,,63,472.5,2020-06-27_10-08-30_camera104/00063.jpg,other
2020-06-27_10-08-30_camera104,pskuss,train,,64,480.0,2020-06-27_10-08-30_camera104/00064.jpg,other
2020-06-27_10-08-30_camera104,pskuss,train,,65,487.5,2020-06-27_10-08-30_camera104/00065.jpg,other
2020-06-27_10-08-30_camera104,pskuss,train,,66,495.0,2020-06-27_10-08-30_camera104/00066.jpg,other
2020-06-27_10-08-30_camera104,pskuss,train,,67,502.5,2020-06-27_10-08-30_camera104/00067.jpg,other
2020-06-27_10-08-30_camera104,pskuss,train,,68,510.0,2020-06-27_10-08-30_camera104/00068.jpg,other
2020-06-27_10-08-30_camera104,pskuss,train,,69,517.5,2020-06-27_10-08-30_camera104/00069.jpg,other
2020-06-27_10-08-30_camera104,pskuss,train,,70,525.0,2020-06-27_10-08-30_camera104/00070.jpg,other
2020-06-27_10-08-30_camera104,pskuss,train,,71,532.5,2020-06-27_10-08-30_camera104/00071.jpg,other
2020-06-27_10-08-30_camera104,pskuss,train,,72,540.0,2020-06-27_10-08-30_camera104/00072.jpg,other
2020-06-27_10-08-30_camera104,pskuss,train,,73,547.5,2020-06-27_10-08-30_camera104/00073.jpg,other
2020-06-27_10-08-30_camera104,pskuss,train,,74,555.0,2020-06-27_10-08-30_camera104/00074.jpg,other
2020-06-27_10-08-30_camera104,pskuss,train,,75,562.5,2020-06-27_10-08-30_camera104/00075.jpg,other
2020-06-27_10-08-30_camera104,pskuss,train,,76,570.0,2020-06-27_10-08-30_camera104/00076.jpg,other
2020-06-27_10-08-30_camera104,pskuss,train,,77,577.5,2020-06-27_10-08-30_camera104/00077.jpg,other
2020-06-27_10-08-30_camera104,pskuss,train,,78,585.0,2020-06-27_10-08-30_camera104/00078.jpg,other
2020-06-27_10-08-30_camera104,pskuss,train,,79,592.5,2020-06-27_10-08-30_camera104/00079.jpg,other
2020-06-27_10-08-30_camera104,pskuss,train,,80,600.0,2020-06-27_10-08-30_camera104/00080.jpg,other
2020-06-27_10-09-23_camera104,pskuss,train,,0,0.0,2020-06-27_10-09-23_camera104/00000.jpg,other
2020-06-27_10-09-23_camera104,pskuss,train,,1,7.5,2020-06-27_10-09-23_camera104/00001.jpg,other
2020-06-27_10-09-23_camera104,pskuss,train,,2,15.0,2020-06-27_10-09-23_camera104/00002.jpg,other
2020-06-27_10-09-23_camera104,pskuss,train,,3,22.5,2020-06-27_10-09-23_camera104/00003.jpg,other
2020-06-27_10-09-23_camera104,pskuss,train,,4,30.0,2020-06-27_10-09-23_camera104/00004.jpg,other
2020-06-27_10-09-23_camera104,pskuss,train,,5,37.5,2020-06-27_10-09-23_camera104/00005.jpg,other
2020-06-27_10-09-23_camera104,pskuss,train,,6,45.0,2020-06-27_10-09-23_camera104/00006.jpg,other
2020-06-27_10-09-23_camera104,pskuss,train,,7,52.5,2020-06-27_10-09-23_camera104/00007.jpg,other
2020-06-27_10-09-23_camera104,pskuss,train,,8,60.0,2020-06-27_10-09-23_camera104/00008.jpg,other
2020-06-27_10-09-23_camera104,pskuss,train,,9,67.5,2020-06-27_10-09-23_camera104/00009.jpg,other
2020-06-27_10-09-23_camera104,pskuss,train,,10,75.0,2020-06-27_10-09-23_camera104/00010.jpg,other
2020-06-27_10-09-23_camera104,pskuss,train,,11,82.5,2020-06-27_10-09-23_camera104/00011.jpg,other
2020-06-27_10-09-23_camera104,pskuss,train,,12,90.0,2020-06-27_10-09-23_camera104/00012.jpg,other
2020-06-27_10-09-23_camera104,pskuss,train,,13,97.5,2020-06-27_10-09-23_camera104/00013.jpg,other
2020-06-27_10-09-23_camera104,pskuss,train,,14,105.0,2020-06-27_10-09-23_camera104/00014.jpg,other
2020-06-27_10-09-23_camera104,pskuss,train,,15,112.5,2020-06-27_10-09-23_camera104/00015.jpg,other
2020-06-27_10-09-23_camera104,pskuss,train,,16,120.0,2020-06-27_10-09-23_camera104/00016.jpg,other
2020-06-27_10-09-23_camera104,pskuss,train,,17,127.5,2020-06-27_10-09-23_camera104/00017.jpg,other
2020-06-27_10-09-23_camera104,pskuss,train,,18,135.0,2020-06-27_10-09-23_camera104/00018.jpg,other
2020-06-27_10-09-23_camera104,pskuss,train,,19,142.5,2020-06-27_10-09-23_camera104/00019.jpg,other
2020-06-27_10-09-23_camera104,pskuss,train,,20,150.0,2020-06-27_10-09-23_camera104/00020.jpg,other
2020-06-27_10-09-23_camera104,pskuss,train,,21,157.5,2020-06-27_10-09-23_camera104/00021.jpg,other
2020-06-27_10-09-23_camera104,pskuss,train,,22,165.0,2020-06-27_10-09-23_camera104/00022.jpg,other
2020-06-27_10-09-23_camera104,pskuss,train,,23,172.5,2020-06-27_10-09-23_camera104/00023.jpg,other
2020-06-27_10-09-23_camera104,pskuss,train,,24,180.0,2020-06-27_10-09-23_camera104/00024.jpg,other
2020-06-27_10-09-23_camera104,pskuss,train,,25,187.5,2020-06-27_10-09-23_camera104/00025.jpg,other
2020-06-27_10-09-23_camera104,pskuss,train,,26,195.0,2020-06-27_10-09-23_camera104/00026.jpg,other
2020-06-27_10-09-23_camera104,pskuss,train,,27,202.5,2020-06-27_10-09-23_camera104/00027.jpg,other
2020-06-27_10-09-23_camera104,pskuss,train,,28,210.0,2020-06-27_10-09-23_camera104/00028.jpg,other
2020-06-27_10-09-23_camera104,pskuss,train,,29,217.5,2020-06-27_10-09-23_camera104/00029.jpg,other
2020-06-27_10-09-23_camera104,pskuss,train,,30,225.0,2020-06-27_10-09-23_camera104/00030.jpg,other
2020-06-27_10-09-23_camera104,pskuss,train,,31,232.5,2020-06-27_10-09-23_camera104/00031.jpg,other
2020-06-27_10-09-23_camera104,pskuss,train,,32,240.0,2020-06-27_10-09-23_camera104/00032.jpg,other
2020-06-27_10-09-23_camera104,pskuss,train,,33,247.5,2020-06-27_10-09-23_camera104/00033.jpg,other
2020-06-27_10-09-23_camera104,pskuss,train,,34,255.0,2020-06-27_10-09-23_camera104/00034.jpg,other
2020-06-27_10-09-23_camera104,pskuss,train,,35,262.5,2020-06-27_10-09-23_camera104/00035.jpg,other
2020-06-27_10-09-23_camera104,pskuss,train,,36,270.0,2020-06-27_10-09-23_camera104/00036.jpg,other
2020-06-27_10-09-23_camera104,pskuss,train,,37,277.5,2020-06-27_10-09-23_camera104/00037.jpg,other
2020-06-27_10-09-23_camera104,pskuss,train,,38,285.0,2020-06-27_10-09-23_camera104/00038.jpg,other
2020-06-27_10-09-23_camera104,pskuss,train,,39,292.5,2020-06-27_10-09-23_camera104/00039.jpg,other
2020-06-27_10-09-23_camera104,pskuss,train,,40,300.0,2020-06-27_10-09-23_camera104/00040.jpg,other
2020-06-27_10-09-23_camera104,pskuss,train,,41,307.5,2020-06-27_10-09-23_camera104/00041.jpg,other
2020-06-27_10-09-23_camera104,pskuss,train,,42,315.0,2020-06-27_10-09-23_camera104/00042.jpg,other
2020-06-27_10-09-23_camera104,pskuss,train,,43,322.5,2020-06-27_10-09-23_camera104/00043.jpg,other
2020-06-27_10-09-23_camera104,pskuss,train,,44,330.0,2020-06-27_10-09-23_camera104/00044.jpg,other
2020-06-27_10-09-23_camera104,pskuss,train,,45,337.5,2020-06-27_10-09-23_camera104/00045.jpg,other
2020-06-27_10-09-23_camera104,pskuss,train,,46,345.0,2020-06-27_10-09-23_camera104/00046.jpg,other
2020-06-27_10-09-23_camera104,pskuss,train,,47,352.5,2020-06-27_10-09-23_camera104/00047.jpg,other
2020-06-27_10-09-23_camera104,pskuss,train,,48,360.0,2020-06-27_10-09-23_camera104/00048.jpg,other
2020-06-27_10-09-23_camera104,pskuss,train,,49,367.5,2020-06-27_10-09-23_camera104/00049.jpg,other
2020-06-27_10-09-23_camera104,pskuss,train,,50,375.0,2020-06-27_10-09-23_camera104/00050.jpg,other
2020-06-27_10-09-23_camera104,pskuss,train,,51,382.5,2020-06-27_10-09-23_camera104/00051.jpg,other
2020-06-27_10-09-23_camera104,pskuss,train,,52,390.0,2020-06-27_10-09-23_camera104/00052.jpg,other
2020-06-27_10-09-23_camera104,pskuss,train,,53,397.5,2020-06-27_10-09-23_camera104/00053.jpg,other
2020-06-27_10-09-23_camera104,pskuss,train,,54,405.0,2020-06-27_10-09-23_camera104/00054.jpg,other
2020-06-27_10-09-23_camera104,pskuss,train,,55,412.5,2020-06-27_10-09-23_camera104/00055.jpg,other
2020-06-27_10-09-23_camera104,pskuss,train,,56,420.0,2020-06-27_10-09-23_camera104/00056.jpg,other
2020-06-27_10-09-23_camera104,pskuss,train,,57,427.5,2020-06-27_10-09-23_camera104/00057.jpg,other
2020-06-27_10-09-23_camera104,pskuss,train,,58,435.0,2020-06-27_10-09-23_camera104/00058.jpg,other
2020-06-27_10-09-23_camera104,pskuss,train,,59,442.5,2020-06-27_10-09-23_camera104/00059.jpg,other
2020-06-27_10-09-23_camera104,pskuss,train,,60,450.0,2020-06-27_10-09-23_camera104/00060.jpg,other
2020-06-27_10-09-23_camera104,pskuss,train,,61,457.5,2020-06-27_10-09-23_camera104/00061.jpg,other
2020-06-27_10-09-23_camera104,pskuss,train,,62,465.0,2020-06-27_10-09-23_camera104/00062.jpg,other
2020-06-27_10-09-23_camera104,pskuss,train,,63,472.5,2020-06-27_10-09-23_camera104/00063.jpg,other
2020-06-27_10-09-23_camera104,pskuss,train,,64,480.0,2020-06-27_10-09-23_camera104/00064.jpg,other
2020-06-27_10-09-23_camera104,pskuss,train,,65,487.5,2020-06-27_10-09-23_camera104/00065.jpg,other
2020-06-27_10-09-23_camera104,pskuss,train,,66,495.0,2020-06-27_10-09-23_camera104/00066.jpg,other
2020-06-27_10-09-23_camera104,pskuss,train,,67,502.5,2020-06-27_10-09-23_camera104/00067.jpg,other
2020-06-27_10-09-23_camera104,pskuss,train,,68,510.0,2020-06-27_10-09-23_camera104/00068.jpg,other
2020-06-27_10-09-23_camera104,pskuss,train,,69,517.5,2020-06-27_10-09-23_camera104/00069.jpg,other
2020-06-27_10-09-23_camera104,pskuss,train,,70,525.0,2020-06-27_10-09-23_camera104/00070.jpg,other
2020-06-27_10-09-23_camera104,pskuss,train,,71,532.5,2020-06-27_10-09-23_camera104/00071.jpg,other
2020-06-27_10-09-23_camera104,pskuss,train,,72,540.0,2020-06-27_10-09-23_camera104/00072.jpg,other
2020-06-27_10-09-23_camera104,pskuss,train,,73,547.5,2020-06-27_10-09-23_camera104/00073.jpg,other
2020-06-27_10-09-23_camera104,pskuss,train,,74,555.0,2020-06-27_10-09-23_camera104/00074.jpg,other
2020-06-27_10-09-23_camera104,pskuss,train,,75,562.5,2020-06-27_10-09-23_camera104/00075.jpg,other
2020-06-27_10-09-23_camera104,pskuss,train,,76,570.0,2020-06-27_10-09-23_camera104/00076.jpg,other
2020-06-27_10-46-03_camera104,pskuss,train,,0,0.0,2020-06-27_10-46-03_camera104/00000.jpg,other
2020-06-27_10-46-03_camera104,pskuss,train,,1,7.5,2020-06-27_10-46-03_camera104/00001.jpg,other
2020-06-27_10-46-03_camera104,pskuss,train,,2,15.0,2020-06-27_10-46-03_camera104/00002.jpg,other
2020-06-27_10-46-03_camera104,pskuss,train,,3,22.5,2020-06-27_10-46-03_camera104/00003.jpg,other
2020-06-27_10-46-03_camera104,pskuss,train,,4,30.0,2020-06-27_10-46-03_camera104/00004.jpg,other
2020-06-27_10-46-03_camera104,pskuss,train,,5,37.5,2020-06-27_10-46-03_camera104/00005.jpg,other
2020-06-27_10-46-03_camera104,pskuss,train,,6,45.0,2020-06-27_10-46-03_camera104/00006.jpg,other
2020-06-27_10-46-03_camera104,pskuss,train,,7,52.5,2020-06-27_10-46-03_camera104/00007.jpg,other
2020-06-27_10-46-03_camera104,pskuss,train,,8,60.0,2020-06-27_10-46-03_camera104/00008.jpg,other
2020-06-27_10-46-03_camera104,pskuss,train,,9,67.5,2020-06-27_10-46-03_camera104/00009.jpg,other
2020-06-27_10-46-03_camera104,pskuss,train,,10,75.0,2020-06-27_10-46-03_camera104/00010.jpg,other
2020-06-27_10-46-03_camera104,pskuss,train,,11,82.5,2020-06-27_10-46-03_camera104/00011.jpg,other
2020-06-27_10-46-03_camera104,pskuss,train,,12,90.0,2020-06-27_10-46-03_camera104/00012.jpg,other
2020-06-27_10-46-03_camera104,pskuss,train,,13,97.5,2020-06-27_10-46-03_camera104/00013.jpg,other
2020-06-27_10-46-03_camera104,pskuss,train,,14,105.0,2020-06-27_10-46-03_camera104/00014.jpg,other
2020-06-27_10-46-03_camera104,pskuss,train,,15,112.5,2020-06-27_10-46-03_camera104/00015.jpg,other
2020-06-27_10-46-03_camera104,pskuss,train,,16,120.0,2020-06-27_10-46-03_camera104/00016.jpg,other
2020-06-27_10-46-03_camera104,pskuss,train,,17,127.5,2020-06-27_10-46-03_camera104/00017.jpg,other
2020-06-27_10-46-03_camera104,pskuss,train,,18,135.0,2020-06-27_10-46-03_camera104/00018.jpg,other
2020-06-27_10-46-03_camera104,pskuss,train,,19,142.5,2020-06-27_10-46-03_camera104/00019.jpg,other
2020-06-27_10-46-03_camera104,pskuss,train,,20,150.0,2020-06-27_10-46-03_camera104/00020.jpg,other
2020-06-27_10-46-03_camera104,pskuss,train,,21,157.5,2020-06-27_10-46-03_camera104/00021.jpg,other
2020-06-27_10-46-03_camera104,pskuss,train,,22,165.0,2020-06-27_10-46-03_camera104/00022.jpg,other
2020-06-27_10-46-03_camera104,pskuss,train,,23,172.5,2020-06-27_10-46-03_camera104/00023.jpg,other
2020-06-27_10-46-03_camera104,pskuss,train,,24,180.0,2020-06-27_10-46-03_camera104/00024.jpg,other
2020-06-27_10-46-03_camera104,pskuss,train,,25,187.5,2020-06-27_10-46-03_camera104/00025.jpg,other
2020-06-27_10-46-03_camera104,pskuss,train,,26,195.0,2020-06-27_10-46-03_camera104/00026.jpg,other
2020-06-27_10-46-03_camera104,pskuss,train,,27,202.5,2020-06-27_10-46-03_camera104/00027.jpg,other
2020-06-27_10-46-03_camera104,pskuss,train,,28,210.0,2020-06-27_10-46-03_camera104/00028.jpg,other
2020-06-27_10-46-03_camera104,pskuss,train,,29,217.5,2020-06-27_10-46-03_camera104/00029.jpg,other
2020-06-27_10-46-03_camera104,pskuss,train,,30,225.0,2020-06-27_10-46-03_camera104/00030.jpg,other
2020-06-27_10-46-03_camera104,pskuss,train,,31,232.5,2020-06-27_10-46-03_camera104/00031.jpg,other
2020-06-27_10-46-03_camera104,pskuss,train,,32,240.0,2020-06-27_10-46-03_camera104/00032.jpg,other
2020-06-27_10-46-03_camera104,pskuss,train,,33,247.5,2020-06-27_10-46-03_camera104/00033.jpg,other
2020-06-27_10-46-03_camera104,pskuss,train,,34,255.0,2020-06-27_10-46-03_camera104/00034.jpg,other
2020-06-27_10-46-03_camera104,pskuss,train,,35,262.5,2020-06-27_10-46-03_camera104/00035.jpg,other
2020-06-27_10-46-03_camera104,pskuss,train,,36,270.0,2020-06-27_10-46-03_camera104/00036.jpg,other
2020-06-27_10-46-03_camera104,pskuss,train,,37,277.5,2020-06-27_10-46-03_camera104/00037.jpg,other
2020-06-27_10-46-03_camera104,pskuss,train,,38,285.0,2020-06-27_10-46-03_camera104/00038.jpg,other
2020-06-27_10-46-03_camera104,pskuss,train,,39,292.5,2020-06-27_10-46-03_camera104/00039.jpg,other
2020-06-27_10-46-03_camera104,pskuss,train,,40,300.0,2020-06-27_10-46-03_camera104/00040.jpg,other
2020-06-27_10-46-03_camera104,pskuss,train,,41,307.5,2020-06-27_10-46-03_camera104/00041.jpg,other
2020-06-27_10-46-03_camera104,pskuss,train,,42,315.0,2020-06-27_10-46-03_camera104/00042.jpg,other
2020-06-27_10-46-03_camera104,pskuss,train,,43,322.5,2020-06-27_10-46-03_camera104/00043.jpg,other
2020-06-27_10-46-03_camera104,pskuss,train,,44,330.0,2020-06-27_10-46-03_camera104/00044.jpg,other
2020-06-27_11-22-30_camera104,pskuss,train,,0,0.0,2020-06-27_11-22-30_camera104/00000.jpg,other
2020-06-27_11-22-30_camera104,pskuss,train,,1,7.5,2020-06-27_11-22-30_camera104/00001.jpg,other
2020-06-27_11-22-30_camera104,pskuss,train,,2,15.0,2020-06-27_11-22-30_camera104/00002.jpg,other
2020-06-27_11-22-30_camera104,pskuss,train,,3,22.5,2020-06-27_11-22-30_camera104/00003.jpg,other
2020-06-27_11-22-30_camera104,pskuss,train,,4,30.0,2020-06-27_11-22-30_camera104/00004.jpg,other
2020-06-27_11-22-30_camera104,pskuss,train,,5,37.5,2020-06-27_11-22-30_camera104/00005.jpg,other
2020-06-27_11-22-30_camera104,pskuss,train,,6,45.0,2020-06-27_11-22-30_camera104/00006.jpg,other
2020-06-27_11-22-30_camera104,pskuss,train,,7,52.5,2020-06-27_11-22-30_camera104/00007.jpg,other
2020-06-27_11-22-30_camera104,pskuss,train,,8,60.0,2020-06-27_11-22-30_camera104/00008.jpg,other
2020-06-27_11-22-30_camera104,pskuss,train,,9,67.5,2020-06-27_11-22-30_camera104/00009.jpg,other
2020-06-27_11-22-30_camera104,pskuss,train,,10,75.0,2020-06-27_11-22-30_camera104/00010.jpg,other
2020-06-27_11-22-30_camera104,pskuss,train,,11,82.5,2020-06-27_11-22-30_camera104/00011.jpg,other
2020-06-27_11-22-30_camera104,pskuss,train,,12,90.0,2020-06-27_11-22-30_camera104/00012.jpg,other
2020-06-27_11-22-30_camera104,pskuss,train,,13,97.5,2020-06-27_11-22-30_camera104/00013.jpg,other
2020-06-27_11-22-30_camera104,pskuss,train,,14,105.0,2020-06-27_11-22-30_camera104/00014.jpg,other
2020-06-27_11-22-30_camera104,pskuss,train,,15,112.5,2020-06-27_11-22-30_camera104/00015.jpg,other
2020-06-27_11-22-30_camera104,pskuss,train,,16,120.0,2020-06-27_11-22-30_camera104/00016.jpg,other
2020-06-27_11-22-30_camera104,pskuss,train,,17,127.5,2020-06-27_11-22-30_camera104/00017.jpg,other
2020-06-27_11-22-30_camera104,pskuss,train,,18,135.0,2020-06-27_11-22-30_camera104/00018.jpg,other
2020-06-27_11-22-30_camera104,pskuss,train,,19,142.5,2020-06-27_11-22-30_camera104/00019.jpg,other
2020-06-27_11-22-30_camera104,pskuss,train,,20,150.0,2020-06-27_11-22-30_camera104/00020.jpg,other
2020-06-27_11-22-30_camera104,pskuss,train,,21,157.5,2020-06-27_11-22-30_camera104/00021.jpg,other
2020-06-27_11-22-30_camera104,pskuss,train,,22,165.0,2020-06-27_11-22-30_camera104/00022.jpg,other
2020-06-27_11-22-30_camera104,pskuss,train,,23,172.5,2020-06-27_11-22-30_camera104/00023.jpg,other
2020-06-27_11-22-30_camera104,pskuss,train,,24,180.0,2020-06-27_11-22-30_camera104/00024.jpg,other
2020-06-27_11-22-30_camera104,pskuss,train,,25,187.5,2020-06-27_11-22-30_camera104/00025.jpg,other
2020-06-27_11-22-30_camera104,pskuss,train,,26,195.0,2020-06-27_11-22-30_camera104/00026.jpg,other
2020-06-27_11-22-30_camera104,pskuss,train,,27,202.5,2020-06-27_11-22-30_camera104/00027.jpg,other
2020-06-27_11-22-30_camera104,pskuss,train,,28,210.0,2020-06-27_11-22-30_camera104/00028.jpg,other
2020-06-27_11-22-30_camera104,pskuss,train,,29,217.5,2020-06-27_11-22-30_camera104/00029.jpg,other
2020-06-27_11-22-30_camera104,pskuss,train,,30,225.0,2020-06-27_11-22-30_camera104/00030.jpg,other
2020-06-27_11-22-30_camera104,pskuss,train,,31,232.5,2020-06-27_11-22-30_camera104/00031.jpg,other
2020-06-27_11-22-30_camera104,pskuss,train,,32,240.0,2020-06-27_11-22-30_camera104/00032.jpg,other
2020-06-27_11-22-30_camera104,pskuss,train,,33,247.5,2020-06-27_11-22-30_camera104/00033.jpg,other
2020-06-27_11-22-30_camera104,pskuss,train,,34,255.0,2020-06-27_11-22-30_camera104/00034.jpg,other
2020-06-27_11-22-30_camera104,pskuss,train,,35,262.5,2020-06-27_11-22-30_camera104/00035.jpg,other
2020-06-27_11-22-30_camera104,pskuss,train,,36,270.0,2020-06-27_11-22-30_camera104/00036.jpg,other
2020-06-27_11-22-30_camera104,pskuss,train,,37,277.5,2020-06-27_11-22-30_camera104/00037.jpg,other
2020-06-27_11-22-30_camera104,pskuss,train,,38,285.0,2020-06-27_11-22-30_camera104/00038.jpg,other
2020-06-27_11-22-30_camera104,pskuss,train,,39,292.5,2020-06-27_11-22-30_camera104/00039.jpg,other
2020-06-27_11-22-30_camera104,pskuss,train,,40,300.0,2020-06-27_11-22-30_camera104/00040.jpg,other
2020-06-27_11-22-30_camera104,pskuss,train,,41,307.5,2020-06-27_11-22-30_camera104/00041.jpg,other
2020-06-27_11-22-30_camera104,pskuss,train,,42,315.0,2020-06-27_11-22-30_camera104/00042.jpg,other
2020-06-27_11-22-30_camera104,pskuss,train,,43,322.5,2020-06-27_11-22-30_camera104/00043.jpg,other
2020-06-27_11-22-30_camera104,pskuss,train,,44,330.0,2020-06-27_11-22-30_camera104/00044.jpg,other
2020-06-27_11-22-30_camera104,pskuss,train,,45,337.5,2020-06-27_11-22-30_camera104/00045.jpg,other
2020-06-27_11-22-30_camera104,pskuss,train,,46,345.0,2020-06-27_11-22-30_camera104/00046.jpg,other
2020-06-27_11-22-30_camera104,pskuss,train,,47,352.5,2020-06-27_11-22-30_camera104/00047.jpg,other
2020-06-27_11-22-30_camera104,pskuss,train,,48,360.0,2020-06-27_11-22-30_camera104/00048.jpg,other
2020-06-27_11-22-30_camera104,pskuss,train,,49,367.5,2020-06-27_11-22-30_camera104/00049.jpg,other
2020-06-27_11-22-30_camera104,pskuss,train,,50,375.0,2020-06-27_11-22-30_camera104/00050.jpg,other
2020-06-27_11-22-30_camera104,pskuss,train,,51,382.5,2020-06-27_11-22-30_camera104/00051.jpg,other
2020-06-27_11-22-30_camera104,pskuss,train,,52,390.0,2020-06-27_11-22-30_camera104/00052.jpg,other
2020-06-27_11-22-30_camera104,pskuss,train,,53,397.5,2020-06-27_11-22-30_camera104/00053.jpg,other
2020-06-27_11-22-30_camera104,pskuss,train,,54,405.0,2020-06-27_11-22-30_camera104/00054.jpg,other
2020-06-27_11-22-30_camera104,pskuss,train,,55,412.5,2020-06-27_11-22-30_camera104/00055.jpg,other
2020-06-27_11-22-30_camera104,pskuss,train,,56,420.0,2020-06-27_11-22-30_camera104/00056.jpg,other
2020-06-27_11-23-25_camera104,pskuss,train,,0,0.0,2020-06-27_11-23-25_camera104/00000.jpg,other
2020-06-27_11-23-25_camera104,pskuss,train,,1,7.5,2020-06-27_11-23-25_camera104/00001.jpg,other
2020-06-27_11-23-25_camera104,pskuss,train,,2,15.0,2020-06-27_11-23-25_camera104/00002.jpg,other
2020-06-27_11-23-25_camera104,pskuss,train,,3,22.5,2020-06-27_11-23-25_camera104/00003.jpg,other
2020-06-27_11-23-25_camera104,pskuss,train,,4,30.0,2020-06-27_11-23-25_camera104/00004.jpg,other
2020-06-27_11-23-25_camera104,pskuss,train,,5,37.5,2020-06-27_11-23-25_camera104/00005.jpg,other
2020-06-27_11-23-25_camera104,pskuss,train,,6,45.0,2020-06-27_11-23-25_camera104/00006.jpg,other
2020-06-27_11-23-25_camera104,pskuss,train,,7,52.5,2020-06-27_11-23-25_camera104/00007.jpg,other
2020-06-27_11-23-25_camera104,pskuss,train,,8,60.0,2020-06-27_11-23-25_camera104/00008.jpg,other
2020-06-27_11-23-25_camera104,pskuss,train,,9,67.5,2020-06-27_11-23-25_camera104/00009.jpg,other
2020-06-27_11-23-25_camera104,pskuss,train,,10,75.0,2020-06-27_11-23-25_camera104/00010.jpg,other
2020-06-27_11-23-25_camera104,pskuss,train,,11,82.5,2020-06-27_11-23-25_camera104/00011.jpg,other
2020-06-27_11-23-25_camera104,pskuss,train,,12,90.0,2020-06-27_11-23-25_camera104/00012.jpg,other
2020-06-27_11-23-25_camera104,pskuss,train,,13,97.5,2020-06-27_11-23-25_camera104/00013.jpg,other
2020-06-27_11-23-25_camera104,pskuss,train,,14,105.0,2020-06-27_11-23-25_camera104/00014.jpg,other
2020-06-27_11-23-25_camera104,pskuss,train,,15,112.5,2020-06-27_11-23-25_camera104/00015.jpg,other
2020-06-27_11-23-25_camera104,pskuss,train,,16,120.0,2020-06-27_11-23-25_camera104/00016.jpg,other
2020-06-27_11-23-25_camera104,pskuss,train,,17,127.5,2020-06-27_11-23-25_camera104/00017.jpg,other
2020-06-27_11-23-25_camera104,pskuss,train,,18,135.0,2020-06-27_11-23-25_camera104/00018.jpg,other
2020-06-27_11-23-25_camera104,pskuss,train,,19,142.5,2020-06-27_11-23-25_camera104/00019.jpg,other
2020-06-27_11-23-25_camera104,pskuss,train,,20,150.0,2020-06-27_11-23-25_camera104/00020.jpg,other
2020-06-27_11-23-25_camera104,pskuss,train,,21,157.5,2020-06-27_11-23-25_camera104/00021.jpg,other
2020-06-27_11-23-25_camera104,pskuss,train,,22,165.0,2020-06-27_11-23-25_camera104/00022.jpg,other
2020-06-27_11-23-25_camera104,pskuss,train,,23,172.5,2020-06-27_11-23-25_camera104/00023.jpg,other
2020-06-27_11-23-25_camera104,pskuss,train,,24,180.0,2020-06-27_11-23-25_camera104/00024.jpg,other
2020-06-27_11-23-25_camera104,pskuss,train,,25,187.5,2020-06-27_11-23-25_camera104/00025.jpg,other
2020-06-27_11-23-25_camera104,pskuss,train,,26,195.0,2020-06-27_11-23-25_camera104/00026.jpg,other
2020-06-27_11-23-25_camera104,pskuss,train,,27,202.5,2020-06-27_11-23-25_camera104/00027.jpg,other
2020-06-27_11-23-25_camera104,pskuss,train,,28,210.0,2020-06-27_11-23-25_camera104/00028.jpg,other
2020-06-27_11-23-25_camera104,pskuss,train,,29,217.5,2020-06-27_11-23-25_camera104/00029.jpg,other
2020-06-27_11-23-25_camera104,pskuss,train,,30,225.0,2020-06-27_11-23-25_camera104/00030.jpg,other
2020-06-27_11-23-25_camera104,pskuss,train,,31,232.5,2020-06-27_11-23-25_camera104/00031.jpg,other
2020-06-27_11-23-25_camera104,pskuss,train,,32,240.0,2020-06-27_11-23-25_camera104/00032.jpg,other
2020-06-27_11-23-25_camera104,pskuss,train,,33,247.5,2020-06-27_11-23-25_camera104/00033.jpg,other
2020-06-27_11-23-25_camera104,pskuss,train,,34,255.0,2020-06-27_11-23-25_camera104/00034.jpg,other
2020-06-27_11-23-25_camera104,pskuss,train,,35,262.5,2020-06-27_11-23-25_camera104/00035.jpg,other
2020-06-27_11-23-25_camera104,pskuss,train,,36,270.0,2020-06-27_11-23-25_camera104/00036.jpg,other
2020-06-27_13-30-05_camera104,pskuss,train,,0,0.0,2020-06-27_13-30-05_camera104/00000.jpg,other
2020-06-27_13-30-05_camera104,pskuss,train,,1,7.5,2020-06-27_13-30-05_camera104/00001.jpg,other
2020-06-27_13-30-05_camera104,pskuss,train,,2,15.0,2020-06-27_13-30-05_camera104/00002.jpg,other
2020-06-27_13-30-05_camera104,pskuss,train,,3,22.5,2020-06-27_13-30-05_camera104/00003.jpg,other
2020-06-27_13-30-05_camera104,pskuss,train,,4,30.0,2020-06-27_13-30-05_camera104/00004.jpg,other
2020-06-27_13-30-05_camera104,pskuss,train,,5,37.5,2020-06-27_13-30-05_camera104/00005.jpg,other
2020-06-27_13-30-05_camera104,pskuss,train,,6,45.0,2020-06-27_13-30-05_camera104/00006.jpg,other
2020-06-27_13-30-05_camera104,pskuss,train,,7,52.5,2020-06-27_13-30-05_camera104/00007.jpg,other
2020-06-27_13-30-05_camera104,pskuss,train,,8,60.0,2020-06-27_13-30-05_camera104/00008.jpg,other
2020-06-27_13-30-05_camera104,pskuss,train,,9,67.5,2020-06-27_13-30-05_camera104/00009.jpg,other
2020-06-27_13-30-05_camera104,pskuss,train,,10,75.0,2020-06-27_13-30-05_camera104/00010.jpg,other
2020-06-27_13-30-05_camera104,pskuss,train,,11,82.5,2020-06-27_13-30-05_camera104/00011.jpg,other
2020-06-27_13-30-05_camera104,pskuss,train,,12,90.0,2020-06-27_13-30-05_camera104/00012.jpg,other
2020-06-27_13-30-05_camera104,pskuss,train,,13,97.5,2020-06-27_13-30-05_camera104/00013.jpg,other
2020-06-27_13-30-05_camera104,pskuss,train,,14,105.0,2020-06-27_13-30-05_camera104/00014.jpg,other
2020-06-27_13-30-05_camera104,pskuss,train,,15,112.5,2020-06-27_13-30-05_camera104/00015.jpg,other
2020-06-27_13-30-05_camera104,pskuss,train,,16,120.0,2020-06-27_13-30-05_camera104/00016.jpg,other
2020-06-27_13-30-05_camera104,pskuss,train,,17,127.5,2020-06-27_13-30-05_camera104/00017.jpg,other
2020-06-27_13-30-05_camera104,pskuss,train,,18,135.0,2020-06-27_13-30-05_camera104/00018.jpg,other
2020-06-27_13-30-05_camera104,pskuss,train,,19,142.5,2020-06-27_13-30-05_camera104/00019.jpg,other
2020-06-27_13-30-05_camera104,pskuss,train,,20,150.0,2020-06-27_13-30-05_camera104/00020.jpg,other
2020-06-27_13-30-05_camera104,pskuss,train,,21,157.5,2020-06-27_13-30-05_camera104/00021.jpg,other
2020-06-27_13-30-05_camera104,pskuss,train,,22,165.0,2020-06-27_13-30-05_camera104/00022.jpg,other
2020-06-27_13-30-05_camera104,pskuss,train,,23,172.5,2020-06-27_13-30-05_camera104/00023.jpg,other
2020-06-27_13-30-05_camera104,pskuss,train,,24,180.0,2020-06-27_13-30-05_camera104/00024.jpg,other
2020-06-27_13-30-05_camera104,pskuss,train,,25,187.5,2020-06-27_13-30-05_camera104/00025.jpg,other
2020-06-27_13-30-05_camera104,pskuss,train,,26,195.0,2020-06-27_13-30-05_camera104/00026.jpg,other
2020-06-27_13-30-05_camera104,pskuss,train,,27,202.5,2020-06-27_13-30-05_camera104/00027.jpg,other
2020-06-27_13-30-05_camera104,pskuss,train,,28,210.0,2020-06-27_13-30-05_camera104/00028.jpg,other
2020-06-27_13-30-05_camera104,pskuss,train,,29,217.5,2020-06-27_13-30-05_camera104/00029.jpg,other
2020-06-27_13-30-05_camera104,pskuss,train,,30,225.0,2020-06-27_13-30-05_camera104/00030.jpg,other
2020-06-27_13-30-05_camera104,pskuss,train,,31,232.5,2020-06-27_13-30-05_camera104/00031.jpg,other
2020-06-27_13-30-05_camera104,pskuss,train,,32,240.0,2020-06-27_13-30-05_camera104/00032.jpg,other
2020-06-27_13-30-05_camera104,pskuss,train,,33,247.5,2020-06-27_13-30-05_camera104/00033.jpg,other
2020-06-27_13-30-05_camera104,pskuss,train,,34,255.0,2020-06-27_13-30-05_camera104/00034.jpg,other
2020-06-27_13-30-05_camera104,pskuss,train,,35,262.5,2020-06-27_13-30-05_camera104/00035.jpg,other
2020-06-27_13-47-56_camera104,pskuss,train,,0,0.0,2020-06-27_13-47-56_camera104/00000.jpg,other
2020-06-27_13-47-56_camera104,pskuss,train,,1,7.5,2020-06-27_13-47-56_camera104/00001.jpg,other
2020-06-27_13-47-56_camera104,pskuss,train,,2,15.0,2020-06-27_13-47-56_camera104/00002.jpg,other
2020-06-27_13-47-56_camera104,pskuss,train,,3,22.5,2020-06-27_13-47-56_camera104/00003.jpg,other
2020-06-27_13-47-56_camera104,pskuss,train,,4,30.0,2020-06-27_13-47-56_camera104/00004.jpg,other
2020-06-27_13-47-56_camera104,pskuss,train,,5,37.5,2020-06-27_13-47-56_camera104/00005.jpg,other
2020-06-27_13-47-56_camera104,pskuss,train,,6,45.0,2020-06-27_13-47-56_camera104/00006.jpg,other
2020-06-27_13-47-56_camera104,pskuss,train,,7,52.5,2020-06-27_13-47-56_camera104/00007.jpg,other
2020-06-27_13-47-56_camera104,pskuss,train,,8,60.0,2020-06-27_13-47-56_camera104/00008.jpg,other
2020-06-27_13-47-56_camera104,pskuss,train,,9,67.5,2020-06-27_13-47-56_camera104/00009.jpg,other
2020-06-27_13-47-56_camera104,pskuss,train,,10,75.0,2020-06-27_13-47-56_camera104/00010.jpg,other
2020-06-27_13-47-56_camera104,pskuss,train,,11,82.5,2020-06-27_13-47-56_camera104/00011.jpg,other
2020-06-27_13-47-56_camera104,pskuss,train,,12,90.0,2020-06-27_13-47-56_camera104/00012.jpg,other
2020-06-27_13-47-56_camera104,pskuss,train,,13,97.5,2020-06-27_13-47-56_camera104/00013.jpg,other
2020-06-27_13-47-56_camera104,pskuss,train,,14,105.0,2020-06-27_13-47-56_camera104/00014.jpg,other
2020-06-27_13-47-56_camera104,pskuss,train,,15,112.5,2020-06-27_13-47-56_camera104/00015.jpg,other
2020-06-27_13-47-56_camera104,pskuss,train,,16,120.0,2020-06-27_13-47-56_camera104/00016.jpg,other
2020-06-27_13-47-56_camera104,pskuss,train,,17,127.5,2020-06-27_13-47-56_camera104/00017.jpg,other
2020-06-27_13-47-56_camera104,pskuss,train,,18,135.0,2020-06-27_13-47-56_camera104/00018.jpg,other
2020-06-27_13-47-56_camera104,pskuss,train,,19,142.5,2020-06-27_13-47-56_camera104/00019.jpg,other
2020-06-27_13-47-56_camera104,pskuss,train,,20,150.0,2020-06-27_13-47-56_camera104/00020.jpg,other
2020-06-27_13-47-56_camera104,pskuss,train,,21,157.5,2020-06-27_13-47-56_camera104/00021.jpg,other
2020-06-27_13-47-56_camera104,pskuss,train,,22,165.0,2020-06-27_13-47-56_camera104/00022.jpg,other
2020-06-27_13-47-56_camera104,pskuss,train,,23,172.5,2020-06-27_13-47-56_camera104/00023.jpg,other
2020-06-27_13-47-56_camera104,pskuss,train,,24,180.0,2020-06-27_13-47-56_camera104/00024.jpg,other
2020-06-27_13-47-56_camera104,pskuss,train,,25,187.5,2020-06-27_13-47-56_camera104/00025.jpg,other
2020-06-27_13-47-56_camera104,pskuss,train,,26,195.0,2020-06-27_13-47-56_camera104/00026.jpg,other
2020-06-27_13-47-56_camera104,pskuss,train,,27,202.5,2020-06-27_13-47-56_camera104/00027.jpg,other
2020-06-27_13-47-56_camera104,pskuss,train,,28,210.0,2020-06-27_13-47-56_camera104/00028.jpg,other
2020-06-27_13-47-56_camera104,pskuss,train,,29,217.5,2020-06-27_13-47-56_camera104/00029.jpg,other
2020-06-27_13-47-56_camera104,pskuss,train,,30,225.0,2020-06-27_13-47-56_camera104/00030.jpg,other
2020-06-27_13-47-56_camera104,pskuss,train,,31,232.5,2020-06-27_13-47-56_camera104/00031.jpg,other
2020-06-27_13-47-56_camera104,pskuss,train,,32,240.0,2020-06-27_13-47-56_camera104/00032.jpg,other
2020-06-27_13-47-56_camera104,pskuss,train,,33,247.5,2020-06-27_13-47-56_camera104/00033.jpg,other
2020-06-27_13-47-56_camera104,pskuss,train,,34,255.0,2020-06-27_13-47-56_camera104/00034.jpg,other
2020-06-27_13-47-56_camera104,pskuss,train,,35,262.5,2020-06-27_13-47-56_camera104/00035.jpg,other
2020-06-27_13-47-56_camera104,pskuss,train,,36,270.0,2020-06-27_13-47-56_camera104/00036.jpg,other
2020-06-27_13-47-56_camera104,pskuss,train,,37,277.5,2020-06-27_13-47-56_camera104/00037.jpg,other
2020-06-27_13-47-56_camera104,pskuss,train,,38,285.0,2020-06-27_13-47-56_camera104/00038.jpg,other
2020-06-27_13-47-56_camera104,pskuss,train,,39,292.5,2020-06-27_13-47-56_camera104/00039.jpg,other
2020-06-27_13-47-56_camera104,pskuss,train,,40,300.0,2020-06-27_13-47-56_camera104/00040.jpg,other
2020-06-27_13-47-56_camera104,pskuss,train,,41,307.5,2020-06-27_13-47-56_camera104/00041.jpg,other
2020-06-27_13-47-56_camera104,pskuss,train,,42,315.0,2020-06-27_13-47-56_camera104/00042.jpg,other
2020-06-27_13-47-56_camera104,pskuss,train,,43,322.5,2020-06-27_13-47-56_camera104/00043.jpg,other
2020-06-27_13-47-56_camera104,pskuss,train,,44,330.0,2020-06-27_13-47-56_camera104/00044.jpg,other
2020-06-27_13-47-56_camera104,pskuss,train,,45,337.5,2020-06-27_13-47-56_camera104/00045.jpg,other
2020-06-27_13-47-56_camera104,pskuss,train,,46,345.0,2020-06-27_13-47-56_camera104/00046.jpg,other
2020-06-27_13-47-56_camera104,pskuss,train,,47,352.5,2020-06-27_13-47-56_camera104/00047.jpg,other
2020-06-27_13-47-56_camera104,pskuss,train,,48,360.0,2020-06-27_13-47-56_camera104/00048.jpg,other
2020-06-27_13-47-56_camera104,pskuss,train,,49,367.5,2020-06-27_13-47-56_camera104/00049.jpg,other
2020-06-27_13-47-56_camera104,pskuss,train,,50,375.0,2020-06-27_13-47-56_camera104/00050.jpg,other
2020-06-27_13-47-56_camera104,pskuss,train,,51,382.5,2020-06-27_13-47-56_camera104/00051.jpg,other
2020-06-27_13-47-56_camera104,pskuss,train,,52,390.0,2020-06-27_13-47-56_camera104/00052.jpg,other
2020-06-27_15-14-23_camera104,pskuss,train,,0,0.0,2020-06-27_15-14-23_camera104/00000.jpg,other
2020-06-27_15-14-23_camera104,pskuss,train,,1,7.5,2020-06-27_15-14-23_camera104/00001.jpg,other
2020-06-27_15-14-23_camera104,pskuss,train,,2,15.0,2020-06-27_15-14-23_camera104/00002.jpg,other
2020-06-27_15-14-23_camera104,pskuss,train,,3,22.5,2020-06-27_15-14-23_camera104/00003.jpg,other
2020-06-27_15-14-23_camera104,pskuss,train,,4,30.0,2020-06-27_15-14-23_camera104/00004.jpg,other
2020-06-27_15-14-23_camera104,pskuss,train,,5,37.5,2020-06-27_15-14-23_camera104/00005.jpg,other
2020-06-27_15-14-23_camera104,pskuss,train,,6,45.0,2020-06-27_15-14-23_camera104/00006.jpg,other
2020-06-27_15-14-23_camera104,pskuss,train,,7,52.5,2020-06-27_15-14-23_camera104/00007.jpg,other
2020-06-27_15-14-23_camera104,pskuss,train,,8,60.0,2020-06-27_15-14-23_camera104/00008.jpg,other
2020-06-27_15-14-23_camera104,pskuss,train,,9,67.5,2020-06-27_15-14-23_camera104/00009.jpg,other
2020-06-27_15-14-23_camera104,pskuss,train,,10,75.0,2020-06-27_15-14-23_camera104/00010.jpg,other
2020-06-27_15-14-23_camera104,pskuss,train,,11,82.5,2020-06-27_15-14-23_camera104/00011.jpg,other
2020-06-27_15-14-23_camera104,pskuss,train,,12,90.0,2020-06-27_15-14-23_camera104/00012.jpg,other
2020-06-27_15-14-23_camera104,pskuss,train,,13,97.5,2020-06-27_15-14-23_camera104/00013.jpg,other
2020-06-27_15-14-23_camera104,pskuss,train,,14,105.0,2020-06-27_15-14-23_camera104/00014.jpg,other
2020-06-27_15-14-23_camera104,pskuss,train,,15,112.5,2020-06-27_15-14-23_camera104/00015.jpg,other
2020-06-27_15-14-23_camera104,pskuss,train,,16,120.0,2020-06-27_15-14-23_camera104/00016.jpg,other
2020-06-27_15-14-23_camera104,pskuss,train,,17,127.5,2020-06-27_15-14-23_camera104/00017.jpg,other
2020-06-27_15-14-23_camera104,pskuss,train,,18,135.0,2020-06-27_15-14-23_camera104/00018.jpg,other
2020-06-27_15-14-23_camera104,pskuss,train,,19,142.5,2020-06-27_15-14-23_camera104/00019.jpg,other
2020-06-27_15-14-23_camera104,pskuss,train,,20,150.0,2020-06-27_15-14-23_camera104/00020.jpg,other
2020-06-27_15-14-23_camera104,pskuss,train,,21,157.5,2020-06-27_15-14-23_camera104/00021.jpg,other
2020-06-27_15-14-23_camera104,pskuss,train,,22,165.0,2020-06-27_15-14-23_camera104/00022.jpg,other
2020-06-27_15-14-23_camera104,pskuss,train,,23,172.5,2020-06-27_15-14-23_camera104/00023.jpg,other
2020-06-27_15-14-23_camera104,pskuss,train,,24,180.0,2020-06-27_15-14-23_camera104/00024.jpg,other
2020-06-27_15-14-23_camera104,pskuss,train,,25,187.5,2020-06-27_15-14-23_camera104/00025.jpg,other
2020-06-27_15-14-23_camera104,pskuss,train,,26,195.0,2020-06-27_15-14-23_camera104/00026.jpg,other
2020-06-27_15-14-23_camera104,pskuss,train,,27,202.5,2020-06-27_15-14-23_camera104/00027.jpg,other
2020-06-27_15-14-23_camera104,pskuss,train,,28,210.0,2020-06-27_15-14-23_camera104/00028.jpg,other
2020-06-27_15-14-23_camera104,pskuss,train,,29,217.5,2020-06-27_15-14-23_camera104/00029.jpg,other
2020-06-27_15-14-23_camera104,pskuss,train,,30,225.0,2020-06-27_15-14-23_camera104/00030.jpg,other
2020-06-27_15-14-23_camera104,pskuss,train,,31,232.5,2020-06-27_15-14-23_camera104/00031.jpg,other
2020-06-27_15-14-23_camera104,pskuss,train,,32,240.0,2020-06-27_15-14-23_camera104/00032.jpg,other
2020-06-27_15-14-23_camera104,pskuss,train,,33,247.5,2020-06-27_15-14-23_camera104/00033.jpg,other
2020-06-27_15-14-23_camera104,pskuss,train,,34,255.0,2020-06-27_15-14-23_camera104/00034.jpg,other
2020-06-27_15-14-23_camera104,pskuss,train,,35,262.5,2020-06-27_15-14-23_camera104/00035.jpg,other
2020-06-27_15-14-23_camera104,pskuss,train,,36,270.0,2020-06-27_15-14-23_camera104/00036.jpg,other
2020-06-27_15-14-23_camera104,pskuss,train,,37,277.5,2020-06-27_15-14-23_camera104/00037.jpg,other
2020-06-27_15-14-23_camera104,pskuss,train,,38,285.0,2020-06-27_15-14-23_camera104/00038.jpg,other
2020-06-27_15-14-23_camera104,pskuss,train,,39,292.5,2020-06-27_15-14-23_camera104/00039.jpg,other
2020-06-27_15-14-23_camera104,pskuss,train,,40,300.0,2020-06-27_15-14-23_camera104/00040.jpg,other
2020-06-27_15-14-23_camera104,pskuss,train,,41,307.5,2020-06-27_15-14-23_camera104/00041.jpg,other
2020-06-27_15-14-23_camera104,pskuss,train,,42,315.0,2020-06-27_15-14-23_camera104/00042.jpg,other
2020-06-27_15-14-23_camera104,pskuss,train,,43,322.5,2020-06-27_15-14-23_camera104/00043.jpg,other
2020-06-27_15-14-23_camera104,pskuss,train,,44,330.0,2020-06-27_15-14-23_camera104/00044.jpg,other
2020-06-27_15-14-23_camera104,pskuss,train,,45,337.5,2020-06-27_15-14-23_camera104/00045.jpg,other
2020-06-27_15-14-23_camera104,pskuss,train,,46,345.0,2020-06-27_15-14-23_camera104/00046.jpg,other
2020-06-27_15-15-01_camera104,pskuss,train,,0,0.0,2020-06-27_15-15-01_camera104/00000.jpg,other
2020-06-27_15-15-01_camera104,pskuss,train,,1,7.5,2020-06-27_15-15-01_camera104/00001.jpg,other
2020-06-27_15-15-01_camera104,pskuss,train,,2,15.0,2020-06-27_15-15-01_camera104/00002.jpg,other
2020-06-27_15-15-01_camera104,pskuss,train,,3,22.5,2020-06-27_15-15-01_camera104/00003.jpg,other
2020-06-27_15-15-01_camera104,pskuss,train,,4,30.0,2020-06-27_15-15-01_camera104/00004.jpg,other
2020-06-27_15-15-01_camera104,pskuss,train,,5,37.5,2020-06-27_15-15-01_camera104/00005.jpg,other
2020-06-27_15-15-01_camera104,pskuss,train,,6,45.0,2020-06-27_15-15-01_camera104/00006.jpg,other
2020-06-27_15-15-01_camera104,pskuss,train,,7,52.5,2020-06-27_15-15-01_camera104/00007.jpg,other
2020-06-27_15-15-01_camera104,pskuss,train,,8,60.0,2020-06-27_15-15-01_camera104/00008.jpg,other
2020-06-27_15-15-01_camera104,pskuss,train,,9,67.5,2020-06-27_15-15-01_camera104/00009.jpg,other
2020-06-27_15-15-01_camera104,pskuss,train,,10,75.0,2020-06-27_15-15-01_camera104/00010.jpg,other
2020-06-27_15-15-01_camera104,pskuss,train,,11,82.5,2020-06-27_15-15-01_camera104/00011.jpg,other
2020-06-27_15-15-01_camera104,pskuss,train,,12,90.0,2020-06-27_15-15-01_camera104/00012.jpg,other
2020-06-27_15-15-01_camera104,pskuss,train,,13,97.5,2020-06-27_15-15-01_camera104/00013.jpg,other
2020-06-27_15-15-01_camera104,pskuss,train,,14,105.0,2020-06-27_15-15-01_camera104/00014.jpg,other
2020-06-27_15-15-01_camera104,pskuss,train,,15,112.5,2020-06-27_15-15-01_camera104/00015.jpg,other
2020-06-27_15-15-01_camera104,pskuss,train,,16,120.0,2020-06-27_15-15-01_camera104/00016.jpg,other
2020-06-27_15-15-01_camera104,pskuss,train,,17,127.5,2020-06-27_15-15-01_camera104/00017.jpg,other
2020-06-27_15-15-01_camera104,pskuss,train,,18,135.0,2020-06-27_15-15-01_camera104/00018.jpg,other
2020-06-27_15-15-01_camera104,pskuss,train,,19,142.5,2020-06-27_15-15-01_camera104/00019.jpg,other
2020-06-27_15-15-01_camera104,pskuss,train,,20,150.0,2020-06-27_15-15-01_camera104/00020.jpg,other
2020-06-27_15-15-01_camera104,pskuss,train,,21,157.5,2020-06-27_15-15-01_camera104/00021.jpg,other
2020-06-27_15-15-01_camera104,pskuss,train,,22,165.0,2020-06-27_15-15-01_camera104/00022.jpg,other
2020-06-27_15-15-01_camera104,pskuss,train,,23,172.5,2020-06-27_15-15-01_camera104/00023.jpg,other
2020-06-27_15-15-01_camera104,pskuss,train,,24,180.0,2020-06-27_15-15-01_camera104/00024.jpg,other
2020-06-27_15-15-01_camera104,pskuss,train,,25,187.5,2020-06-27_15-15-01_camera104/00025.jpg,other
2020-06-27_15-15-01_camera104,pskuss,train,,26,195.0,2020-06-27_15-15-01_camera104/00026.jpg,other
2020-06-27_15-15-01_camera104,pskuss,train,,27,202.5,2020-06-27_15-15-01_camera104/00027.jpg,other
2020-06-27_15-15-01_camera104,pskuss,train,,28,210.0,2020-06-27_15-15-01_camera104/00028.jpg,other
2020-06-27_15-15-01_camera104,pskuss,train,,29,217.5,2020-06-27_15-15-01_camera104/00029.jpg,other
2020-06-27_15-15-01_camera104,pskuss,train,,30,225.0,2020-06-27_15-15-01_camera104/00030.jpg,other
2020-06-27_15-15-01_camera104,pskuss,train,,31,232.5,2020-06-27_15-15-01_camera104/00031.jpg,other
2020-06-27_15-15-01_camera104,pskuss,train,,32,240.0,2020-06-27_15-15-01_camera104/00032.jpg,other
2020-06-27_15-15-01_camera104,pskuss,train,,33,247.5,2020-06-27_15-15-01_camera104/00033.jpg,other
2020-06-27_15-15-01_camera104,pskuss,train,,34,255.0,2020-06-27_15-15-01_camera104/00034.jpg,other
2020-06-27_15-59-58_camera104,pskuss,train,,0,0.0,2020-06-27_15-59-58_camera104/00000.jpg,other
2020-06-27_15-59-58_camera104,pskuss,train,,1,7.5,2020-06-27_15-59-58_camera104/00001.jpg,other
2020-06-27_15-59-58_camera104,pskuss,train,,2,15.0,2020-06-27_15-59-58_camera104/00002.jpg,other
2020-06-27_15-59-58_camera104,pskuss,train,,3,22.5,2020-06-27_15-59-58_camera104/00003.jpg,other
2020-06-27_15-59-58_camera104,pskuss,train,,4,30.0,2020-06-27_15-59-58_camera104/00004.jpg,other
2020-06-27_15-59-58_camera104,pskuss,train,,5,37.5,2020-06-27_15-59-58_camera104/00005.jpg,other
2020-06-27_15-59-58_camera104,pskuss,train,,6,45.0,2020-06-27_15-59-58_camera104/00006.jpg,other
2020-06-27_15-59-58_camera104,pskuss,train,,7,52.5,2020-06-27_15-59-58_camera104/00007.jpg,other
2020-06-27_15-59-58_camera104,pskuss,train,,8,60.0,2020-06-27_15-59-58_camera104/00008.jpg,other
2020-06-27_15-59-58_camera104,pskuss,train,,9,67.5,2020-06-27_15-59-58_camera104/00009.jpg,other
2020-06-27_15-59-58_camera104,pskuss,train,,10,75.0,2020-06-27_15-59-58_camera104/00010.jpg,other
2020-06-27_15-59-58_camera104,pskuss,train,,11,82.5,2020-06-27_15-59-58_camera104/00011.jpg,other
2020-06-27_15-59-58_camera104,pskuss,train,,12,90.0,2020-06-27_15-59-58_camera104/00012.jpg,other
2020-06-27_15-59-58_camera104,pskuss,train,,13,97.5,2020-06-27_15-59-58_camera104/00013.jpg,other
2020-06-27_15-59-58_camera104,pskuss,train,,14,105.0,2020-06-27_15-59-58_camera104/00014.jpg,other
2020-06-27_15-59-58_camera104,pskuss,train,,15,112.5,2020-06-27_15-59-58_camera104/00015.jpg,other
2020-06-27_15-59-58_camera104,pskuss,train,,16,120.0,2020-06-27_15-59-58_camera104/00016.jpg,other
2020-06-27_15-59-58_camera104,pskuss,train,,17,127.5,2020-06-27_15-59-58_camera104/00017.jpg,other
2020-06-27_15-59-58_camera104,pskuss,train,,18,135.0,2020-06-27_15-59-58_camera104/00018.jpg,other
2020-06-27_15-59-58_camera104,pskuss,train,,19,142.5,2020-06-27_15-59-58_camera104/00019.jpg,other
2020-06-27_15-59-58_camera104,pskuss,train,,20,150.0,2020-06-27_15-59-58_camera104/00020.jpg,other
2020-06-27_15-59-58_camera104,pskuss,train,,21,157.5,2020-06-27_15-59-58_camera104/00021.jpg,other
2020-06-27_15-59-58_camera104,pskuss,train,,22,165.0,2020-06-27_15-59-58_camera104/00022.jpg,other
2020-06-27_15-59-58_camera104,pskuss,train,,23,172.5,2020-06-27_15-59-58_camera104/00023.jpg,other
2020-06-27_15-59-58_camera104,pskuss,train,,24,180.0,2020-06-27_15-59-58_camera104/00024.jpg,other
2020-06-27_15-59-58_camera104,pskuss,train,,25,187.5,2020-06-27_15-59-58_camera104/00025.jpg,other
2020-06-27_15-59-58_camera104,pskuss,train,,26,195.0,2020-06-27_15-59-58_camera104/00026.jpg,other
2020-06-27_15-59-58_camera104,pskuss,train,,27,202.5,2020-06-27_15-59-58_camera104/00027.jpg,other
2020-06-27_15-59-58_camera104,pskuss,train,,28,210.0,2020-06-27_15-59-58_camera104/00028.jpg,other
2020-06-27_15-59-58_camera104,pskuss,train,,29,217.5,2020-06-27_15-59-58_camera104/00029.jpg,other
2020-06-27_15-59-58_camera104,pskuss,train,,30,225.0,2020-06-27_15-59-58_camera104/00030.jpg,other
2020-06-27_15-59-58_camera104,pskuss,train,,31,232.5,2020-06-27_15-59-58_camera104/00031.jpg,other
2020-06-27_15-59-58_camera104,pskuss,train,,32,240.0,2020-06-27_15-59-58_camera104/00032.jpg,other
2020-06-27_15-59-58_camera104,pskuss,train,,33,247.5,2020-06-27_15-59-58_camera104/00033.jpg,other
2020-06-27_15-59-58_camera104,pskuss,train,,34,255.0,2020-06-27_15-59-58_camera104/00034.jpg,other
2020-06-27_15-59-58_camera104,pskuss,train,,35,262.5,2020-06-27_15-59-58_camera104/00035.jpg,other
2020-06-27_15-59-58_camera104,pskuss,train,,36,270.0,2020-06-27_15-59-58_camera104/00036.jpg,other
2020-06-27_15-59-58_camera104,pskuss,train,,37,277.5,2020-06-27_15-59-58_camera104/00037.jpg,other
2020-06-27_15-59-58_camera104,pskuss,train,,38,285.0,2020-06-27_15-59-58_camera104/00038.jpg,other
2020-06-27_15-59-58_camera104,pskuss,train,,39,292.5,2020-06-27_15-59-58_camera104/00039.jpg,other
2020-06-27_15-59-58_camera104,pskuss,train,,40,300.0,2020-06-27_15-59-58_camera104/00040.jpg,other
2020-06-27_15-59-58_camera104,pskuss,train,,41,307.5,2020-06-27_15-59-58_camera104/00041.jpg,other
2020-06-27_15-59-58_camera104,pskuss,train,,42,315.0,2020-06-27_15-59-58_camera104/00042.jpg,other
2020-06-27_15-59-58_camera104,pskuss,train,,43,322.5,2020-06-27_15-59-58_camera104/00043.jpg,other
2020-06-27_15-59-58_camera104,pskuss,train,,44,330.0,2020-06-27_15-59-58_camera104/00044.jpg,other
2020-06-27_15-59-58_camera104,pskuss,train,,45,337.5,2020-06-27_15-59-58_camera104/00045.jpg,other
2020-06-27_15-59-58_camera104,pskuss,train,,46,345.0,2020-06-27_15-59-58_camera104/00046.jpg,other
2020-06-27_15-59-58_camera104,pskuss,train,,47,352.5,2020-06-27_15-59-58_camera104/00047.jpg,other
2020-06-27_15-59-58_camera104,pskuss,train,,48,360.0,2020-06-27_15-59-58_camera104/00048.jpg,other
2020-06-27_15-59-58_camera104,pskuss,train,,49,367.5,2020-06-27_15-59-58_camera104/00049.jpg,other
2020-06-27_15-59-58_camera104,pskuss,train,,50,375.0,2020-06-27_15-59-58_camera104/00050.jpg,other
2020-06-27_15-59-58_camera104,pskuss,train,,51,382.5,2020-06-27_15-59-58_camera104/00051.jpg,other
2020-06-27_15-59-58_camera104,pskuss,train,,52,390.0,2020-06-27_15-59-58_camera104/00052.jpg,other
2020-06-27_15-59-58_camera104,pskuss,train,,53,397.5,2020-06-27_15-59-58_camera104/00053.jpg,other
2020-06-27_15-59-58_camera104,pskuss,train,,54,405.0,2020-06-27_15-59-58_camera104/00054.jpg,other
2020-06-27_15-59-58_camera104,pskuss,train,,55,412.5,2020-06-27_15-59-58_camera104/00055.jpg,other
2020-06-27_15-59-58_camera104,pskuss,train,,56,420.0,2020-06-27_15-59-58_camera104/00056.jpg,other
2020-06-27_15-59-58_camera104,pskuss,train,,57,427.5,2020-06-27_15-59-58_camera104/00057.jpg,other
2020-06-27_15-59-58_camera104,pskuss,train,,58,435.0,2020-06-27_15-59-58_camera104/00058.jpg,other
2020-06-27_15-59-58_camera104,pskuss,train,,59,442.5,2020-06-27_15-59-58_camera104/00059.jpg,other
2020-06-27_15-59-58_camera104,pskuss,train,,60,450.0,2020-06-27_15-59-58_camera104/00060.jpg,other
2020-06-27_15-59-58_camera104,pskuss,train,,61,457.5,2020-06-27_15-59-58_camera104/00061.jpg,other
2020-06-27_15-59-58_camera104,pskuss,train,,62,465.0,2020-06-27_15-59-58_camera104/00062.jpg,other
2020-06-27_15-59-58_camera104,pskuss,train,,63,472.5,2020-06-27_15-59-58_camera104/00063.jpg,other
2020-06-27_15-59-58_camera104,pskuss,train,,64,480.0,2020-06-27_15-59-58_camera104/00064.jpg,other
2020-06-27_15-59-58_camera104,pskuss,train,,65,487.5,2020-06-27_15-59-58_camera104/00065.jpg,other
2020-06-27_15-59-58_camera104,pskuss,train,,66,495.0,2020-06-27_15-59-58_camera104/00066.jpg,other
2020-06-27_15-59-58_camera104,pskuss,train,,67,502.5,2020-06-27_15-59-58_camera104/00067.jpg,other
2020-06-27_15-59-58_camera104,pskuss,train,,68,510.0,2020-06-27_15-59-58_camera104/00068.jpg,other
2020-06-27_15-59-58_camera104,pskuss,train,,69,517.5,2020-06-27_15-59-58_camera104/00069.jpg,other
2020-06-27_15-59-58_camera104,pskuss,train,,70,525.0,2020-06-27_15-59-58_camera104/00070.jpg,other
2020-06-27_15-59-58_camera104,pskuss,train,,71,532.5,2020-06-27_15-59-58_camera104/00071.jpg,other
2020-06-27_15-59-58_camera104,pskuss,train,,72,540.0,2020-06-27_15-59-58_camera104/00072.jpg,other
2020-06-27_16-07-48_camera104,pskuss,train,,0,0.0,2020-06-27_16-07-48_camera104/00000.jpg,other
2020-06-27_16-07-48_camera104,pskuss,train,,1,7.5,2020-06-27_16-07-48_camera104/00001.jpg,other
2020-06-27_16-07-48_camera104,pskuss,train,,2,15.0,2020-06-27_16-07-48_camera104/00002.jpg,other
2020-06-27_16-07-48_camera104,pskuss,train,,3,22.5,2020-06-27_16-07-48_camera104/00003.jpg,other
2020-06-27_16-07-48_camera104,pskuss,train,,4,30.0,2020-06-27_16-07-48_camera104/00004.jpg,other
2020-06-27_16-07-48_camera104,pskuss,train,,5,37.5,2020-06-27_16-07-48_camera104/00005.jpg,other
2020-06-27_16-07-48_camera104,pskuss,train,,6,45.0,2020-06-27_16-07-48_camera104/00006.jpg,other
2020-06-27_16-07-48_camera104,pskuss,train,,7,52.5,2020-06-27_16-07-48_camera104/00007.jpg,other
2020-06-27_16-07-48_camera104,pskuss,train,,8,60.0,2020-06-27_16-07-48_camera104/00008.jpg,other
2020-06-27_16-07-48_camera104,pskuss,train,,9,67.5,2020-06-27_16-07-48_camera104/00009.jpg,other
2020-06-27_16-07-48_camera104,pskuss,train,,10,75.0,2020-06-27_16-07-48_camera104/00010.jpg,other
2020-06-27_16-07-48_camera104,pskuss,train,,11,82.5,2020-06-27_16-07-48_camera104/00011.jpg,other
2020-06-27_16-07-48_camera104,pskuss,train,,12,90.0,2020-06-27_16-07-48_camera104/00012.jpg,other
2020-06-27_16-07-48_camera104,pskuss,train,,13,97.5,2020-06-27_16-07-48_camera104/00013.jpg,other
2020-06-27_16-07-48_camera104,pskuss,train,,14,105.0,2020-06-27_16-07-48_camera104/00014.jpg,other
2020-06-27_16-07-48_camera104,pskuss,train,,15,112.5,2020-06-27_16-07-48_camera104/00015.jpg,other
2020-06-27_16-07-48_camera104,pskuss,train,,16,120.0,2020-06-27_16-07-48_camera104/00016.jpg,other
2020-06-27_16-07-48_camera104,pskuss,train,,17,127.5,2020-06-27_16-07-48_camera104/00017.jpg,other
2020-06-27_16-07-48_camera104,pskuss,train,,18,135.0,2020-06-27_16-07-48_camera104/00018.jpg,other
2020-06-27_16-07-48_camera104,pskuss,train,,19,142.5,2020-06-27_16-07-48_camera104/00019.jpg,other
2020-06-27_16-07-48_camera104,pskuss,train,,20,150.0,2020-06-27_16-07-48_camera104/00020.jpg,other
2020-06-27_16-07-48_camera104,pskuss,train,,21,157.5,2020-06-27_16-07-48_camera104/00021.jpg,other
2020-06-27_16-07-48_camera104,pskuss,train,,22,165.0,2020-06-27_16-07-48_camera104/00022.jpg,other
2020-06-27_16-07-48_camera104,pskuss,train,,23,172.5,2020-06-27_16-07-48_camera104/00023.jpg,other
2020-06-27_16-07-48_camera104,pskuss,train,,24,180.0,2020-06-27_16-07-48_camera104/00024.jpg,other
2020-06-27_16-07-48_camera104,pskuss,train,,25,187.5,2020-06-27_16-07-48_camera104/00025.jpg,other
2020-06-27_16-07-48_camera104,pskuss,train,,26,195.0,2020-06-27_16-07-48_camera104/00026.jpg,other
2020-06-27_16-07-48_camera104,pskuss,train,,27,202.5,2020-06-27_16-07-48_camera104/00027.jpg,other
2020-06-27_16-07-48_camera104,pskuss,train,,28,210.0,2020-06-27_16-07-48_camera104/00028.jpg,other
2020-06-27_16-07-48_camera104,pskuss,train,,29,217.5,2020-06-27_16-07-48_camera104/00029.jpg,other
2020-06-27_16-07-48_camera104,pskuss,train,,30,225.0,2020-06-27_16-07-48_camera104/00030.jpg,other
2020-06-27_16-07-48_camera104,pskuss,train,,31,232.5,2020-06-27_16-07-48_camera104/00031.jpg,other
2020-06-27_16-07-48_camera104,pskuss,train,,32,240.0,2020-06-27_16-07-48_camera104/00032.jpg,other
2020-06-27_16-07-48_camera104,pskuss,train,,33,247.5,2020-06-27_16-07-48_camera104/00033.jpg,other
2020-06-27_16-07-48_camera104,pskuss,train,,34,255.0,2020-06-27_16-07-48_camera104/00034.jpg,other
2020-06-27_16-07-48_camera104,pskuss,train,,35,262.5,2020-06-27_16-07-48_camera104/00035.jpg,other
2020-06-27_16-07-48_camera104,pskuss,train,,36,270.0,2020-06-27_16-07-48_camera104/00036.jpg,other
2020-06-27_16-07-48_camera104,pskuss,train,,37,277.5,2020-06-27_16-07-48_camera104/00037.jpg,other
2020-06-27_16-07-48_camera104,pskuss,train,,38,285.0,2020-06-27_16-07-48_camera104/00038.jpg,other
2020-06-27_16-07-48_camera104,pskuss,train,,39,292.5,2020-06-27_16-07-48_camera104/00039.jpg,other
2020-06-27_16-07-48_camera104,pskuss,train,,40,300.0,2020-06-27_16-07-48_camera104/00040.jpg,other
2020-06-27_16-07-48_camera104,pskuss,train,,41,307.5,2020-06-27_16-07-48_camera104/00041.jpg,other
2020-06-27_16-07-48_camera104,pskuss,train,,42,315.0,2020-06-27_16-07-48_camera104/00042.jpg,other
2020-06-27_16-07-48_camera104,pskuss,train,,43,322.5,2020-06-27_16-07-48_camera104/00043.jpg,other
2020-06-27_16-07-48_camera104,pskuss,train,,44,330.0,2020-06-27_16-07-48_camera104/00044.jpg,other
2020-06-27_16-07-48_camera104,pskuss,train,,45,337.5,2020-06-27_16-07-48_camera104/00045.jpg,other
2020-06-27_16-07-48_camera104,pskuss,train,,46,345.0,2020-06-27_16-07-48_camera104/00046.jpg,other
2020-06-27_17-58-37_camera104,pskuss,train,,0,0.0,2020-06-27_17-58-37_camera104/00000.jpg,other
2020-06-27_17-58-37_camera104,pskuss,train,,1,7.5,2020-06-27_17-58-37_camera104/00001.jpg,other
2020-06-27_17-58-37_camera104,pskuss,train,,2,15.0,2020-06-27_17-58-37_camera104/00002.jpg,other
2020-06-27_17-58-37_camera104,pskuss,train,,3,22.5,2020-06-27_17-58-37_camera104/00003.jpg,other
2020-06-27_17-58-37_camera104,pskuss,train,,4,30.0,2020-06-27_17-58-37_camera104/00004.jpg,other
2020-06-27_17-58-37_camera104,pskuss,train,,5,37.5,2020-06-27_17-58-37_camera104/00005.jpg,other
2020-06-27_17-58-37_camera104,pskuss,train,,6,45.0,2020-06-27_17-58-37_camera104/00006.jpg,other
2020-06-27_17-58-37_camera104,pskuss,train,,7,52.5,2020-06-27_17-58-37_camera104/00007.jpg,other
2020-06-27_17-58-37_camera104,pskuss,train,,8,60.0,2020-06-27_17-58-37_camera104/00008.jpg,other
2020-06-27_17-58-37_camera104,pskuss,train,,9,67.5,2020-06-27_17-58-37_camera104/00009.jpg,other
2020-06-27_17-58-37_camera104,pskuss,train,,10,75.0,2020-06-27_17-58-37_camera104/00010.jpg,other
2020-06-27_17-58-37_camera104,pskuss,train,,11,82.5,2020-06-27_17-58-37_camera104/00011.jpg,other
2020-06-27_17-58-37_camera104,pskuss,train,,12,90.0,2020-06-27_17-58-37_camera104/00012.jpg,other
2020-06-27_17-58-37_camera104,pskuss,train,,13,97.5,2020-06-27_17-58-37_camera104/00013.jpg,other
2020-06-27_17-58-37_camera104,pskuss,train,,14,105.0,2020-06-27_17-58-37_camera104/00014.jpg,other
2020-06-27_17-58-37_camera104,pskuss,train,,15,112.5,2020-06-27_17-58-37_camera104/00015.jpg,other
2020-06-27_17-58-37_camera104,pskuss,train,,16,120.0,2020-06-27_17-58-37_camera104/00016.jpg,other
2020-06-27_17-58-37_camera104,pskuss,train,,17,127.5,2020-06-27_17-58-37_camera104/00017.jpg,other
2020-06-27_17-58-37_camera104,pskuss,train,,18,135.0,2020-06-27_17-58-37_camera104/00018.jpg,other
2020-06-27_17-58-37_camera104,pskuss,train,,19,142.5,2020-06-27_17-58-37_camera104/00019.jpg,other
2020-06-27_17-58-37_camera104,pskuss,train,,20,150.0,2020-06-27_17-58-37_camera104/00020.jpg,other
2020-06-27_17-58-37_camera104,pskuss,train,,21,157.5,2020-06-27_17-58-37_camera104/00021.jpg,other
2020-06-27_17-58-37_camera104,pskuss,train,,22,165.0,2020-06-27_17-58-37_camera104/00022.jpg,other
2020-06-27_17-58-37_camera104,pskuss,train,,23,172.5,2020-06-27_17-58-37_camera104/00023.jpg,other
2020-06-27_17-58-37_camera104,pskuss,train,,24,180.0,2020-06-27_17-58-37_camera104/00024.jpg,other
2020-06-27_17-58-37_camera104,pskuss,train,,25,187.5,2020-06-27_17-58-37_camera104/00025.jpg,other
2020-06-27_17-58-37_camera104,pskuss,train,,26,195.0,2020-06-27_17-58-37_camera104/00026.jpg,other
2020-06-27_17-58-37_camera104,pskuss,train,,27,202.5,2020-06-27_17-58-37_camera104/00027.jpg,other
2020-06-27_17-58-37_camera104,pskuss,train,,28,210.0,2020-06-27_17-58-37_camera104/00028.jpg,other
2020-06-27_17-58-37_camera104,pskuss,train,,29,217.5,2020-06-27_17-58-37_camera104/00029.jpg,other
2020-06-27_17-58-37_camera104,pskuss,train,,30,225.0,2020-06-27_17-58-37_camera104/00030.jpg,other
2020-06-27_17-58-37_camera104,pskuss,train,,31,232.5,2020-06-27_17-58-37_camera104/00031.jpg,other
2020-06-27_17-58-37_camera104,pskuss,train,,32,240.0,2020-06-27_17-58-37_camera104/00032.jpg,other
2020-06-27_17-58-37_camera104,pskuss,train,,33,247.5,2020-06-27_17-58-37_camera104/00033.jpg,other
2020-06-27_17-58-37_camera104,pskuss,train,,34,255.0,2020-06-27_17-58-37_camera104/00034.jpg,other
2020-06-27_17-58-37_camera104,pskuss,train,,35,262.5,2020-06-27_17-58-37_camera104/00035.jpg,other
2020-06-27_17-58-37_camera104,pskuss,train,,36,270.0,2020-06-27_17-58-37_camera104/00036.jpg,other
2020-06-27_17-58-37_camera104,pskuss,train,,37,277.5,2020-06-27_17-58-37_camera104/00037.jpg,other
2020-06-27_17-58-37_camera104,pskuss,train,,38,285.0,2020-06-27_17-58-37_camera104/00038.jpg,other
2020-06-27_17-58-37_camera104,pskuss,train,,39,292.5,2020-06-27_17-58-37_camera104/00039.jpg,other
2020-06-27_17-58-37_camera104,pskuss,train,,40,300.0,2020-06-27_17-58-37_camera104/00040.jpg,other
2020-06-27_17-58-37_camera104,pskuss,train,,41,307.5,2020-06-27_17-58-37_camera104/00041.jpg,other
2020-06-27_17-58-37_camera104,pskuss,train,,42,315.0,2020-06-27_17-58-37_camera104/00042.jpg,other
2020-06-27_17-58-37_camera104,pskuss,train,,43,322.5,2020-06-27_17-58-37_camera104/00043.jpg,other
2020-06-27_17-58-37_camera104,pskuss,train,,44,330.0,2020-06-27_17-58-37_camera104/00044.jpg,other
2020-06-27_17-58-37_camera104,pskuss,train,,45,337.5,2020-06-27_17-58-37_camera104/00045.jpg,other
2020-06-27_17-59-12_camera104,pskuss,train,,0,0.0,2020-06-27_17-59-12_camera104/00000.jpg,other
2020-06-27_17-59-12_camera104,pskuss,train,,1,7.5,2020-06-27_17-59-12_camera104/00001.jpg,other
2020-06-27_17-59-12_camera104,pskuss,train,,2,15.0,2020-06-27_17-59-12_camera104/00002.jpg,other
2020-06-27_17-59-12_camera104,pskuss,train,,3,22.5,2020-06-27_17-59-12_camera104/00003.jpg,other
2020-06-27_17-59-12_camera104,pskuss,train,,4,30.0,2020-06-27_17-59-12_camera104/00004.jpg,other
2020-06-27_17-59-12_camera104,pskuss,train,,5,37.5,2020-06-27_17-59-12_camera104/00005.jpg,other
2020-06-27_17-59-12_camera104,pskuss,train,,6,45.0,2020-06-27_17-59-12_camera104/00006.jpg,other
2020-06-27_17-59-12_camera104,pskuss,train,,7,52.5,2020-06-27_17-59-12_camera104/00007.jpg,other
2020-06-27_17-59-12_camera104,pskuss,train,,8,60.0,2020-06-27_17-59-12_camera104/00008.jpg,other
2020-06-27_17-59-12_camera104,pskuss,train,,9,67.5,2020-06-27_17-59-12_camera104/00009.jpg,other
2020-06-27_17-59-12_camera104,pskuss,train,,10,75.0,2020-06-27_17-59-12_camera104/00010.jpg,other
2020-06-27_17-59-12_camera104,pskuss,train,,11,82.5,2020-06-27_17-59-12_camera104/00011.jpg,other
2020-06-27_17-59-12_camera104,pskuss,train,,12,90.0,2020-06-27_17-59-12_camera104/00012.jpg,other
2020-06-27_17-59-12_camera104,pskuss,train,,13,97.5,2020-06-27_17-59-12_camera104/00013.jpg,other
2020-06-27_17-59-12_camera104,pskuss,train,,14,105.0,2020-06-27_17-59-12_camera104/00014.jpg,other
2020-06-27_17-59-12_camera104,pskuss,train,,15,112.5,2020-06-27_17-59-12_camera104/00015.jpg,other
2020-06-27_17-59-12_camera104,pskuss,train,,16,120.0,2020-06-27_17-59-12_camera104/00016.jpg,other
2020-06-27_17-59-12_camera104,pskuss,train,,17,127.5,2020-06-27_17-59-12_camera104/00017.jpg,other
2020-06-27_17-59-12_camera104,pskuss,train,,18,135.0,2020-06-27_17-59-12_camera104/00018.jpg,other
2020-06-27_17-59-12_camera104,pskuss,train,,19,142.5,2020-06-27_17-59-12_camera104/00019.jpg,other
2020-06-27_17-59-12_camera104,pskuss,train,,20,150.0,2020-06-27_17-59-12_camera104/00020.jpg,other
2020-06-27_17-59-12_camera104,pskuss,train,,21,157.5,2020-06-27_17-59-12_camera104/00021.jpg,other
2020-06-27_17-59-12_camera104,pskuss,train,,22,165.0,2020-06-27_17-59-12_camera104/00022.jpg,other
2020-06-27_17-59-12_camera104,pskuss,train,,23,172.5,2020-06-27_17-59-12_camera104/00023.jpg,other
2020-06-27_17-59-12_camera104,pskuss,train,,24,180.0,2020-06-27_17-59-12_camera104/00024.jpg,other
2020-06-27_17-59-12_camera104,pskuss,train,,25,187.5,2020-06-27_17-59-12_camera104/00025.jpg,other
2020-06-27_17-59-12_camera104,pskuss,train,,26,195.0,2020-06-27_17-59-12_camera104/00026.jpg,other
2020-06-27_17-59-12_camera104,pskuss,train,,27,202.5,2020-06-27_17-59-12_camera104/00027.jpg,other
2020-06-27_17-59-12_camera104,pskuss,train,,28,210.0,2020-06-27_17-59-12_camera104/00028.jpg,other
2020-06-27_17-59-12_camera104,pskuss,train,,29,217.5,2020-06-27_17-59-12_camera104/00029.jpg,other
2020-06-27_17-59-12_camera104,pskuss,train,,30,225.0,2020-06-27_17-59-12_camera104/00030.jpg,other
2020-06-27_17-59-12_camera104,pskuss,train,,31,232.5,2020-06-27_17-59-12_camera104/00031.jpg,other
2020-06-27_17-59-12_camera104,pskuss,train,,32,240.0,2020-06-27_17-59-12_camera104/00032.jpg,other
2020-06-27_17-59-12_camera104,pskuss,train,,33,247.5,2020-06-27_17-59-12_camera104/00033.jpg,other
2020-06-27_17-59-12_camera104,pskuss,train,,34,255.0,2020-06-27_17-59-12_camera104/00034.jpg,other
2020-06-27_17-59-12_camera104,pskuss,train,,35,262.5,2020-06-27_17-59-12_camera104/00035.jpg,other
2020-06-27_17-59-12_camera104,pskuss,train,,36,270.0,2020-06-27_17-59-12_camera104/00036.jpg,other
2020-06-27_17-59-12_camera104,pskuss,train,,37,277.5,2020-06-27_17-59-12_camera104/00037.jpg,other
2020-06-27_17-59-12_camera104,pskuss,train,,38,285.0,2020-06-27_17-59-12_camera104/00038.jpg,other
2020-06-27_17-59-12_camera104,pskuss,train,,39,292.5,2020-06-27_17-59-12_camera104/00039.jpg,other
2020-06-27_17-59-12_camera104,pskuss,train,,40,300.0,2020-06-27_17-59-12_camera104/00040.jpg,other
2020-06-27_17-59-12_camera104,pskuss,train,,41,307.5,2020-06-27_17-59-12_camera104/00041.jpg,other
2020-06-27_17-59-12_camera104,pskuss,train,,42,315.0,2020-06-27_17-59-12_camera104/00042.jpg,other
2020-06-27_17-59-12_camera104,pskuss,train,,43,322.5,2020-06-27_17-59-12_camera104/00043.jpg,other
2020-06-27_17-59-12_camera104,pskuss,train,,44,330.0,2020-06-27_17-59-12_camera104/00044.jpg,other
2020-06-27_17-59-12_camera104,pskuss,train,,45,337.5,2020-06-27_17-59-12_camera104/00045.jpg,other
2020-06-27_17-59-12_camera104,pskuss,train,,46,345.0,2020-06-27_17-59-12_camera104/00046.jpg,other
2020-06-27_17-59-12_camera104,pskuss,train,,47,352.5,2020-06-27_17-59-12_camera104/00047.jpg,other
2020-06-27_17-59-12_camera104,pskuss,train,,48,360.0,2020-06-27_17-59-12_camera104/00048.jpg,other
2020-06-27_17-59-12_camera104,pskuss,train,,49,367.5,2020-06-27_17-59-12_camera104/00049.jpg,other
2020-06-27_17-59-12_camera104,pskuss,train,,50,375.0,2020-06-27_17-59-12_camera104/00050.jpg,other
2020-06-27_17-59-12_camera104,pskuss,train,,51,382.5,2020-06-27_17-59-12_camera104/00051.jpg,other
2020-06-27_17-59-12_camera104,pskuss,train,,52,390.0,2020-06-27_17-59-12_camera104/00052.jpg,other
2020-06-27_17-59-12_camera104,pskuss,train,,53,397.5,2020-06-27_17-59-12_camera104/00053.jpg,other
2020-06-27_17-59-12_camera104,pskuss,train,,54,405.0,2020-06-27_17-59-12_camera104/00054.jpg,other
2020-06-27_17-59-12_camera104,pskuss,train,,55,412.5,2020-06-27_17-59-12_camera104/00055.jpg,other
2020-06-27_17-59-12_camera104,pskuss,train,,56,420.0,2020-06-27_17-59-12_camera104/00056.jpg,other
2020-06-27_17-59-12_camera104,pskuss,train,,57,427.5,2020-06-27_17-59-12_camera104/00057.jpg,other
2020-06-27_17-59-12_camera104,pskuss,train,,58,435.0,2020-06-27_17-59-12_camera104/00058.jpg,other
2020-06-27_17-59-12_camera104,pskuss,train,,59,442.5,2020-06-27_17-59-12_camera104/00059.jpg,other
2020-06-27_17-59-12_camera104,pskuss,train,,60,450.0,2020-06-27_17-59-12_camera104/00060.jpg,other
2020-06-27_17-59-12_camera104,pskuss,train,,61,457.5,2020-06-27_17-59-12_camera104/00061.jpg,other
2020-06-27_17-59-12_camera104,pskuss,train,,62,465.0,2020-06-27_17-59-12_camera104/00062.jpg,other
2020-06-27_19-25-25_camera104,pskuss,train,,0,0.0,2020-06-27_19-25-25_camera104/00000.jpg,other
2020-06-27_19-25-25_camera104,pskuss,train,,1,7.5,2020-06-27_19-25-25_camera104/00001.jpg,other
2020-06-27_19-25-25_camera104,pskuss,train,,2,15.0,2020-06-27_19-25-25_camera104/00002.jpg,other
2020-06-27_19-25-25_camera104,pskuss,train,,3,22.5,2020-06-27_19-25-25_camera104/00003.jpg,other
2020-06-27_19-25-25_camera104,pskuss,train,,4,30.0,2020-06-27_19-25-25_camera104/00004.jpg,other
2020-06-27_19-25-25_camera104,pskuss,train,,5,37.5,2020-06-27_19-25-25_camera104/00005.jpg,other
2020-06-27_19-25-25_camera104,pskuss,train,,6,45.0,2020-06-27_19-25-25_camera104/00006.jpg,other
2020-06-27_19-25-25_camera104,pskuss,train,,7,52.5,2020-06-27_19-25-25_camera104/00007.jpg,other
2020-06-27_19-25-25_camera104,pskuss,train,,8,60.0,2020-06-27_19-25-25_camera104/00008.jpg,other
2020-06-27_19-25-25_camera104,pskuss,train,,9,67.5,2020-06-27_19-25-25_camera104/00009.jpg,other
2020-06-27_19-25-25_camera104,pskuss,train,,10,75.0,2020-06-27_19-25-25_camera104/00010.jpg,other
2020-06-27_19-25-25_camera104,pskuss,train,,11,82.5,2020-06-27_19-25-25_camera104/00011.jpg,other
2020-06-27_19-25-25_camera104,pskuss,train,,12,90.0,2020-06-27_19-25-25_camera104/00012.jpg,other
2020-06-27_19-25-25_camera104,pskuss,train,,13,97.5,2020-06-27_19-25-25_camera104/00013.jpg,other
2020-06-27_19-25-25_camera104,pskuss,train,,14,105.0,2020-06-27_19-25-25_camera104/00014.jpg,other
2020-06-27_19-25-25_camera104,pskuss,train,,15,112.5,2020-06-27_19-25-25_camera104/00015.jpg,other
2020-06-27_19-25-25_camera104,pskuss,train,,16,120.0,2020-06-27_19-25-25_camera104/00016.jpg,other
2020-06-27_19-25-25_camera104,pskuss,train,,17,127.5,2020-06-27_19-25-25_camera104/00017.jpg,other
2020-06-27_19-25-25_camera104,pskuss,train,,18,135.0,2020-06-27_19-25-25_camera104/00018.jpg,other
2020-06-27_19-25-25_camera104,pskuss,train,,19,142.5,2020-06-27_19-25-25_camera104/00019.jpg,other
2020-06-27_19-25-25_camera104,pskuss,train,,20,150.0,2020-06-27_19-25-25_camera104/00020.jpg,other
2020-06-27_19-25-25_camera104,pskuss,train,,21,157.5,2020-06-27_19-25-25_camera104/00021.jpg,other
2020-06-27_19-25-25_camera104,pskuss,train,,22,165.0,2020-06-27_19-25-25_camera104/00022.jpg,other
2020-06-27_19-25-25_camera104,pskuss,train,,23,172.5,2020-06-27_19-25-25_camera104/00023.jpg,other
2020-06-27_19-25-25_camera104,pskuss,train,,24,180.0,2020-06-27_19-25-25_camera104/00024.jpg,other
2020-06-27_19-25-25_camera104,pskuss,train,,25,187.5,2020-06-27_19-25-25_camera104/00025.jpg,other
2020-06-27_19-25-25_camera104,pskuss,train,,26,195.0,2020-06-27_19-25-25_camera104/00026.jpg,other
2020-06-27_19-25-25_camera104,pskuss,train,,27,202.5,2020-06-27_19-25-25_camera104/00027.jpg,other
2020-06-27_19-25-25_camera104,pskuss,train,,28,210.0,2020-06-27_19-25-25_camera104/00028.jpg,other
2020-06-27_19-25-25_camera104,pskuss,train,,29,217.5,2020-06-27_19-25-25_camera104/00029.jpg,other
2020-06-27_19-25-25_camera104,pskuss,train,,30,225.0,2020-06-27_19-25-25_camera104/00030.jpg,other
2020-06-27_19-25-25_camera104,pskuss,train,,31,232.5,2020-06-27_19-25-25_camera104/00031.jpg,other
2020-06-27_19-25-25_camera104,pskuss,train,,32,240.0,2020-06-27_19-25-25_camera104/00032.jpg,other
2020-06-27_19-25-25_camera104,pskuss,train,,33,247.5,2020-06-27_19-25-25_camera104/00033.jpg,other
2020-06-27_19-25-25_camera104,pskuss,train,,34,255.0,2020-06-27_19-25-25_camera104/00034.jpg,other
2020-06-27_19-25-25_camera104,pskuss,train,,35,262.5,2020-06-27_19-25-25_camera104/00035.jpg,other
2020-06-27_19-25-25_camera104,pskuss,train,,36,270.0,2020-06-27_19-25-25_camera104/00036.jpg,other
2020-06-27_19-25-25_camera104,pskuss,train,,37,277.5,2020-06-27_19-25-25_camera104/00037.jpg,other
2020-06-27_19-25-25_camera104,pskuss,train,,38,285.0,2020-06-27_19-25-25_camera104/00038.jpg,other
2020-06-27_19-25-25_camera104,pskuss,train,,39,292.5,2020-06-27_19-25-25_camera104/00039.jpg,other
2020-06-27_19-25-25_camera104,pskuss,train,,40,300.0,2020-06-27_19-25-25_camera104/00040.jpg,other
2020-06-27_19-25-25_camera104,pskuss,train,,41,307.5,2020-06-27_19-25-25_camera104/00041.jpg,other
2020-06-27_19-25-25_camera104,pskuss,train,,42,315.0,2020-06-27_19-25-25_camera104/00042.jpg,other
2020-06-27_19-25-25_camera104,pskuss,train,,43,322.5,2020-06-27_19-25-25_camera104/00043.jpg,other
2020-06-27_19-25-25_camera104,pskuss,train,,44,330.0,2020-06-27_19-25-25_camera104/00044.jpg,other
2020-06-27_19-25-25_camera104,pskuss,train,,45,337.5,2020-06-27_19-25-25_camera104/00045.jpg,other
2020-06-27_19-25-25_camera104,pskuss,train,,46,345.0,2020-06-27_19-25-25_camera104/00046.jpg,other
2020-06-27_19-25-25_camera104,pskuss,train,,47,352.5,2020-06-27_19-25-25_camera104/00047.jpg,other
2020-06-27_19-25-25_camera104,pskuss,train,,48,360.0,2020-06-27_19-25-25_camera104/00048.jpg,other
2020-06-27_19-25-25_camera104,pskuss,train,,49,367.5,2020-06-27_19-25-25_camera104/00049.jpg,other
2020-06-27_19-25-25_camera104,pskuss,train,,50,375.0,2020-06-27_19-25-25_camera104/00050.jpg,other
2020-06-27_19-25-25_camera104,pskuss,train,,51,382.5,2020-06-27_19-25-25_camera104/00051.jpg,other
2020-06-27_19-25-25_camera104,pskuss,train,,52,390.0,2020-06-27_19-25-25_camera104/00052.jpg,other
2020-06-27_19-25-25_camera104,pskuss,train,,53,397.5,2020-06-27_19-25-25_camera104/00053.jpg,other
2020-06-27_19-25-25_camera104,pskuss,train,,54,405.0,2020-06-27_19-25-25_camera104/00054.jpg,other
2020-06-27_19-25-25_camera104,pskuss,train,,55,412.5,2020-06-27_19-25-25_camera104/00055.jpg,other
2020-06-27_19-25-25_camera104,pskuss,train,,56,420.0,2020-06-27_19-25-25_camera104/00056.jpg,other
2020-06-27_19-25-25_camera104,pskuss,train,,57,427.5,2020-06-27_19-25-25_camera104/00057.jpg,other
2020-06-27_19-25-25_camera104,pskuss,train,,58,435.0,2020-06-27_19-25-25_camera104/00058.jpg,other
2020-06-27_19-25-25_camera104,pskuss,train,,59,442.5,2020-06-27_19-25-25_camera104/00059.jpg,other
2020-06-27_19-25-25_camera104,pskuss,train,,60,450.0,2020-06-27_19-25-25_camera104/00060.jpg,other
2020-06-27_19-25-25_camera104,pskuss,train,,61,457.5,2020-06-27_19-25-25_camera104/00061.jpg,other
2020-06-27_19-25-25_camera104,pskuss,train,,62,465.0,2020-06-27_19-25-25_camera104/00062.jpg,other
2020-06-27_19-25-25_camera104,pskuss,train,,63,472.5,2020-06-27_19-25-25_camera104/00063.jpg,other
2020-06-27_19-25-25_camera104,pskuss,train,,64,480.0,2020-06-27_19-25-25_camera104/00064.jpg,other
2020-06-27_19-25-25_camera104,pskuss,train,,65,487.5,2020-06-27_19-25-25_camera104/00065.jpg,other
2020-06-27_19-25-25_camera104,pskuss,train,,66,495.0,2020-06-27_19-25-25_camera104/00066.jpg,other
2020-06-27_19-25-25_camera104,pskuss,train,,67,502.5,2020-06-27_19-25-25_camera104/00067.jpg,other
2020-06-27_19-25-25_camera104,pskuss,train,,68,510.0,2020-06-27_19-25-25_camera104/00068.jpg,other
2020-06-27_19-25-25_camera104,pskuss,train,,69,517.5,2020-06-27_19-25-25_camera104/00069.jpg,other
2020-06-27_19-25-25_camera104,pskuss,train,,70,525.0,2020-06-27_19-25-25_camera104/00070.jpg,other
2020-06-27_19-25-25_camera104,pskuss,train,,71,532.5,2020-06-27_19-25-25_camera104/00071.jpg,other
2020-06-27_19-25-25_camera104,pskuss,train,,72,540.0,2020-06-27_19-25-25_camera104/00072.jpg,other
2020-06-27_19-25-25_camera104,pskuss,train,,73,547.5,2020-06-27_19-25-25_camera104/00073.jpg,other
2020-06-27_19-25-25_camera104,pskuss,train,,74,555.0,2020-06-27_19-25-25_camera104/00074.jpg,other
2020-06-27_19-25-25_camera104,pskuss,train,,75,562.5,2020-06-27_19-25-25_camera104/00075.jpg,other
2020-06-27_19-25-25_camera104,pskuss,train,,76,570.0,2020-06-27_19-25-25_camera104/00076.jpg,other
2020-06-27_19-25-25_camera104,pskuss,train,,77,577.5,2020-06-27_19-25-25_camera104/00077.jpg,other
2020-06-27_19-25-25_camera104,pskuss,train,,78,585.0,2020-06-27_19-25-25_camera104/00078.jpg,other
2020-06-27_19-25-25_camera104,pskuss,train,,79,592.5,2020-06-27_19-25-25_camera104/00079.jpg,other
2020-06-27_19-25-25_camera104,pskuss,train,,80,600.0,2020-06-27_19-25-25_camera104/00080.jpg,other
2020-06-27_19-25-25_camera104,pskuss,train,,81,607.5,2020-06-27_19-25-25_camera104/00081.jpg,other
2020-06-27_19-25-25_camera104,pskuss,train,,82,615.0,2020-06-27_19-25-25_camera104/00082.jpg,other
2020-06-28_02-46-35_camera104,pskuss,train,,0,0.0,2020-06-28_02-46-35_camera104/00000.jpg,other
2020-06-28_02-46-35_camera104,pskuss,train,,1,7.5,2020-06-28_02-46-35_camera104/00001.jpg,other
2020-06-28_02-46-35_camera104,pskuss,train,,2,15.0,2020-06-28_02-46-35_camera104/00002.jpg,other
2020-06-28_02-46-35_camera104,pskuss,train,,3,22.5,2020-06-28_02-46-35_camera104/00003.jpg,other
2020-06-28_02-46-35_camera104,pskuss,train,,4,30.0,2020-06-28_02-46-35_camera104/00004.jpg,other
2020-06-28_02-46-35_camera104,pskuss,train,,5,37.5,2020-06-28_02-46-35_camera104/00005.jpg,other
2020-06-28_02-46-35_camera104,pskuss,train,,6,45.0,2020-06-28_02-46-35_camera104/00006.jpg,other
2020-06-28_02-46-35_camera104,pskuss,train,,7,52.5,2020-06-28_02-46-35_camera104/00007.jpg,other
2020-06-28_02-46-35_camera104,pskuss,train,,8,60.0,2020-06-28_02-46-35_camera104/00008.jpg,other
2020-06-28_02-46-35_camera104,pskuss,train,,9,67.5,2020-06-28_02-46-35_camera104/00009.jpg,other
2020-06-28_02-46-35_camera104,pskuss,train,,10,75.0,2020-06-28_02-46-35_camera104/00010.jpg,other
2020-06-28_02-46-35_camera104,pskuss,train,,11,82.5,2020-06-28_02-46-35_camera104/00011.jpg,other
2020-06-28_02-46-35_camera104,pskuss,train,,12,90.0,2020-06-28_02-46-35_camera104/00012.jpg,other
2020-06-28_02-46-35_camera104,pskuss,train,,13,97.5,2020-06-28_02-46-35_camera104/00013.jpg,other
2020-06-28_02-46-35_camera104,pskuss,train,,14,105.0,2020-06-28_02-46-35_camera104/00014.jpg,other
2020-06-28_02-46-35_camera104,pskuss,train,,15,112.5,2020-06-28_02-46-35_camera104/00015.jpg,other
2020-06-28_02-46-35_camera104,pskuss,train,,16,120.0,2020-06-28_02-46-35_camera104/00016.jpg,other
2020-06-28_02-46-35_camera104,pskuss,train,,17,127.5,2020-06-28_02-46-35_camera104/00017.jpg,other
2020-06-28_02-46-35_camera104,pskuss,train,,18,135.0,2020-06-28_02-46-35_camera104/00018.jpg,other
2020-06-28_02-46-35_camera104,pskuss,train,,19,142.5,2020-06-28_02-46-35_camera104/00019.jpg,other
2020-06-28_02-46-35_camera104,pskuss,train,,20,150.0,2020-06-28_02-46-35_camera104/00020.jpg,other
2020-06-28_02-46-35_camera104,pskuss,train,,21,157.5,2020-06-28_02-46-35_camera104/00021.jpg,other
2020-06-28_02-46-35_camera104,pskuss,train,,22,165.0,2020-06-28_02-46-35_camera104/00022.jpg,other
2020-06-28_02-46-35_camera104,pskuss,train,,23,172.5,2020-06-28_02-46-35_camera104/00023.jpg,other
2020-06-28_02-46-35_camera104,pskuss,train,,24,180.0,2020-06-28_02-46-35_camera104/00024.jpg,other
2020-06-28_02-46-35_camera104,pskuss,train,,25,187.5,2020-06-28_02-46-35_camera104/00025.jpg,other
2020-06-28_02-46-35_camera104,pskuss,train,,26,195.0,2020-06-28_02-46-35_camera104/00026.jpg,other
2020-06-28_02-46-35_camera104,pskuss,train,,27,202.5,2020-06-28_02-46-35_camera104/00027.jpg,other
2020-06-28_02-46-35_camera104,pskuss,train,,28,210.0,2020-06-28_02-46-35_camera104/00028.jpg,other
2020-06-28_02-46-35_camera104,pskuss,train,,29,217.5,2020-06-28_02-46-35_camera104/00029.jpg,other
2020-06-28_02-46-35_camera104,pskuss,train,,30,225.0,2020-06-28_02-46-35_camera104/00030.jpg,other
2020-06-28_02-46-35_camera104,pskuss,train,,31,232.5,2020-06-28_02-46-35_camera104/00031.jpg,other
2020-06-28_02-46-35_camera104,pskuss,train,,32,240.0,2020-06-28_02-46-35_camera104/00032.jpg,other
2020-06-28_02-46-35_camera104,pskuss,train,,33,247.5,2020-06-28_02-46-35_camera104/00033.jpg,other
2020-06-28_02-46-35_camera104,pskuss,train,,34,255.0,2020-06-28_02-46-35_camera104/00034.jpg,other
2020-06-28_02-46-35_camera104,pskuss,train,,35,262.5,2020-06-28_02-46-35_camera104/00035.jpg,other
2020-06-28_02-46-35_camera104,pskuss,train,,36,270.0,2020-06-28_02-46-35_camera104/00036.jpg,other
2020-06-28_02-46-35_camera104,pskuss,train,,37,277.5,2020-06-28_02-46-35_camera104/00037.jpg,other
2020-06-28_02-46-35_camera104,pskuss,train,,38,285.0,2020-06-28_02-46-35_camera104/00038.jpg,other
2020-06-28_02-46-35_camera104,pskuss,train,,39,292.5,2020-06-28_02-46-35_camera104/00039.jpg,other
2020-06-28_02-46-35_camera104,pskuss,train,,40,300.0,2020-06-28_02-46-35_camera104/00040.jpg,other
2020-06-28_02-46-35_camera104,pskuss,train,,41,307.5,2020-06-28_02-46-35_camera104/00041.jpg,other
2020-06-28_02-46-35_camera104,pskuss,train,,42,315.0,2020-06-28_02-46-35_camera104/00042.jpg,other
2020-06-28_02-46-35_camera104,pskuss,train,,43,322.5,2020-06-28_02-46-35_camera104/00043.jpg,other
2020-06-28_02-46-35_camera104,pskuss,train,,44,330.0,2020-06-28_02-46-35_camera104/00044.jpg,other
2020-06-28_02-46-35_camera104,pskuss,train,,45,337.5,2020-06-28_02-46-35_camera104/00045.jpg,other
2020-06-28_02-46-35_camera104,pskuss,train,,46,345.0,2020-06-28_02-46-35_camera104/00046.jpg,other
2020-06-28_02-46-35_camera104,pskuss,train,,47,352.5,2020-06-28_02-46-35_camera104/00047.jpg,other
2020-06-28_02-46-35_camera104,pskuss,train,,48,360.0,2020-06-28_02-46-35_camera104/00048.jpg,other
2020-06-28_02-46-35_camera104,pskuss,train,,49,367.5,2020-06-28_02-46-35_camera104/00049.jpg,other
2020-06-28_02-46-35_camera104,pskuss,train,,50,375.0,2020-06-28_02-46-35_camera104/00050.jpg,other
2020-06-28_02-46-35_camera104,pskuss,train,,51,382.5,2020-06-28_02-46-35_camera104/00051.jpg,other
2020-06-28_02-46-35_camera104,pskuss,train,,52,390.0,2020-06-28_02-46-35_camera104/00052.jpg,other
2020-06-28_02-46-35_camera104,pskuss,train,,53,397.5,2020-06-28_02-46-35_camera104/00053.jpg,other
2020-06-28_02-46-35_camera104,pskuss,train,,54,405.0,2020-06-28_02-46-35_camera104/00054.jpg,other
2020-06-28_02-46-35_camera104,pskuss,train,,55,412.5,2020-06-28_02-46-35_camera104/00055.jpg,other
2020-06-28_02-46-35_camera104,pskuss,train,,56,420.0,2020-06-28_02-46-35_camera104/00056.jpg,other
2020-06-28_02-46-35_camera104,pskuss,train,,57,427.5,2020-06-28_02-46-35_camera104/00057.jpg,other
2020-06-28_02-46-35_camera104,pskuss,train,,58,435.0,2020-06-28_02-46-35_camera104/00058.jpg,other
2020-06-28_02-46-35_camera104,pskuss,train,,59,442.5,2020-06-28_02-46-35_camera104/00059.jpg,other
2020-06-28_02-46-35_camera104,pskuss,train,,60,450.0,2020-06-28_02-46-35_camera104/00060.jpg,other
2020-06-28_02-46-35_camera104,pskuss,train,,61,457.5,2020-06-28_02-46-35_camera104/00061.jpg,other
2020-06-28_02-46-35_camera104,pskuss,train,,62,465.0,2020-06-28_02-46-35_camera104/00062.jpg,other
2020-06-28_02-46-35_camera104,pskuss,train,,63,472.5,2020-06-28_02-46-35_camera104/00063.jpg,other
2020-06-28_02-46-35_camera104,pskuss,train,,64,480.0,2020-06-28_02-46-35_camera104/00064.jpg,other
2020-06-28_02-46-35_camera104,pskuss,train,,65,487.5,2020-06-28_02-46-35_camera104/00065.jpg,other
2020-06-28_02-46-35_camera104,pskuss,train,,66,495.0,2020-06-28_02-46-35_camera104/00066.jpg,other
2020-06-28_02-46-35_camera104,pskuss,train,,67,502.5,2020-06-28_02-46-35_camera104/00067.jpg,other
2020-06-28_02-46-35_camera104,pskuss,train,,68,510.0,2020-06-28_02-46-35_camera104/00068.jpg,other
2020-06-28_02-46-35_camera104,pskuss,train,,69,517.5,2020-06-28_02-46-35_camera104/00069.jpg,other
2020-06-28_02-46-35_camera104,pskuss,train,,70,525.0,2020-06-28_02-46-35_camera104/00070.jpg,other
2020-06-28_02-46-35_camera104,pskuss,train,,71,532.5,2020-06-28_02-46-35_camera104/00071.jpg,other
2020-06-28_07-40-50_camera104,pskuss,train,,0,0.0,2020-06-28_07-40-50_camera104/00000.jpg,other
2020-06-28_07-40-50_camera104,pskuss,train,,1,7.5,2020-06-28_07-40-50_camera104/00001.jpg,other
2020-06-28_07-40-50_camera104,pskuss,train,,2,15.0,2020-06-28_07-40-50_camera104/00002.jpg,other
2020-06-28_07-40-50_camera104,pskuss,train,,3,22.5,2020-06-28_07-40-50_camera104/00003.jpg,other
2020-06-28_07-40-50_camera104,pskuss,train,,4,30.0,2020-06-28_07-40-50_camera104/00004.jpg,other
2020-06-28_07-40-50_camera104,pskuss,train,,5,37.5,2020-06-28_07-40-50_camera104/00005.jpg,other
2020-06-28_07-40-50_camera104,pskuss,train,,6,45.0,2020-06-28_07-40-50_camera104/00006.jpg,other
2020-06-28_07-40-50_camera104,pskuss,train,,7,52.5,2020-06-28_07-40-50_camera104/00007.jpg,other
2020-06-28_07-40-50_camera104,pskuss,train,,8,60.0,2020-06-28_07-40-50_camera104/00008.jpg,other
2020-06-28_07-40-50_camera104,pskuss,train,,9,67.5,2020-06-28_07-40-50_camera104/00009.jpg,other
2020-06-28_07-40-50_camera104,pskuss,train,,10,75.0,2020-06-28_07-40-50_camera104/00010.jpg,other
2020-06-28_07-40-50_camera104,pskuss,train,,11,82.5,2020-06-28_07-40-50_camera104/00011.jpg,other
2020-06-28_07-40-50_camera104,pskuss,train,,12,90.0,2020-06-28_07-40-50_camera104/00012.jpg,other
2020-06-28_07-40-50_camera104,pskuss,train,,13,97.5,2020-06-28_07-40-50_camera104/00013.jpg,other
2020-06-28_07-40-50_camera104,pskuss,train,,14,105.0,2020-06-28_07-40-50_camera104/00014.jpg,other
2020-06-28_07-40-50_camera104,pskuss,train,,15,112.5,2020-06-28_07-40-50_camera104/00015.jpg,other
2020-06-28_07-40-50_camera104,pskuss,train,,16,120.0,2020-06-28_07-40-50_camera104/00016.jpg,other
2020-06-28_07-40-50_camera104,pskuss,train,,17,127.5,2020-06-28_07-40-50_camera104/00017.jpg,other
2020-06-28_07-40-50_camera104,pskuss,train,,18,135.0,2020-06-28_07-40-50_camera104/00018.jpg,other
2020-06-28_07-40-50_camera104,pskuss,train,,19,142.5,2020-06-28_07-40-50_camera104/00019.jpg,other
2020-06-28_07-40-50_camera104,pskuss,train,,20,150.0,2020-06-28_07-40-50_camera104/00020.jpg,other
2020-06-28_07-40-50_camera104,pskuss,train,,21,157.5,2020-06-28_07-40-50_camera104/00021.jpg,other
2020-06-28_07-40-50_camera104,pskuss,train,,22,165.0,2020-06-28_07-40-50_camera104/00022.jpg,other
2020-06-28_07-40-50_camera104,pskuss,train,,23,172.5,2020-06-28_07-40-50_camera104/00023.jpg,other
2020-06-28_07-40-50_camera104,pskuss,train,,24,180.0,2020-06-28_07-40-50_camera104/00024.jpg,other
2020-06-28_07-40-50_camera104,pskuss,train,,25,187.5,2020-06-28_07-40-50_camera104/00025.jpg,other
2020-06-28_07-40-50_camera104,pskuss,train,,26,195.0,2020-06-28_07-40-50_camera104/00026.jpg,other
2020-06-28_07-40-50_camera104,pskuss,train,,27,202.5,2020-06-28_07-40-50_camera104/00027.jpg,other
2020-06-28_07-40-50_camera104,pskuss,train,,28,210.0,2020-06-28_07-40-50_camera104/00028.jpg,other
2020-06-28_07-40-50_camera104,pskuss,train,,29,217.5,2020-06-28_07-40-50_camera104/00029.jpg,other
2020-06-28_07-40-50_camera104,pskuss,train,,30,225.0,2020-06-28_07-40-50_camera104/00030.jpg,other
2020-06-28_07-40-50_camera104,pskuss,train,,31,232.5,2020-06-28_07-40-50_camera104/00031.jpg,other
2020-06-28_07-40-50_camera104,pskuss,train,,32,240.0,2020-06-28_07-40-50_camera104/00032.jpg,other
2020-06-28_07-40-50_camera104,pskuss,train,,33,247.5,2020-06-28_07-40-50_camera104/00033.jpg,other
2020-06-28_07-40-50_camera104,pskuss,train,,34,255.0,2020-06-28_07-40-50_camera104/00034.jpg,other
2020-06-28_08-30-42_camera104,pskuss,train,,0,0.0,2020-06-28_08-30-42_camera104/00000.jpg,other
2020-06-28_08-30-42_camera104,pskuss,train,,1,7.5,2020-06-28_08-30-42_camera104/00001.jpg,other
2020-06-28_08-30-42_camera104,pskuss,train,,2,15.0,2020-06-28_08-30-42_camera104/00002.jpg,other
2020-06-28_08-30-42_camera104,pskuss,train,,3,22.5,2020-06-28_08-30-42_camera104/00003.jpg,other
2020-06-28_08-30-42_camera104,pskuss,train,,4,30.0,2020-06-28_08-30-42_camera104/00004.jpg,other
2020-06-28_08-30-42_camera104,pskuss,train,,5,37.5,2020-06-28_08-30-42_camera104/00005.jpg,other
2020-06-28_08-30-42_camera104,pskuss,train,,6,45.0,2020-06-28_08-30-42_camera104/00006.jpg,other
2020-06-28_08-30-42_camera104,pskuss,train,,7,52.5,2020-06-28_08-30-42_camera104/00007.jpg,other
2020-06-28_08-30-42_camera104,pskuss,train,,8,60.0,2020-06-28_08-30-42_camera104/00008.jpg,other
2020-06-28_08-30-42_camera104,pskuss,train,,9,67.5,2020-06-28_08-30-42_camera104/00009.jpg,other
2020-06-28_08-30-42_camera104,pskuss,train,,10,75.0,2020-06-28_08-30-42_camera104/00010.jpg,other
2020-06-28_08-30-42_camera104,pskuss,train,,11,82.5,2020-06-28_08-30-42_camera104/00011.jpg,other
2020-06-28_08-30-42_camera104,pskuss,train,,12,90.0,2020-06-28_08-30-42_camera104/00012.jpg,other
2020-06-28_08-30-42_camera104,pskuss,train,,13,97.5,2020-06-28_08-30-42_camera104/00013.jpg,other
2020-06-28_08-30-42_camera104,pskuss,train,,14,105.0,2020-06-28_08-30-42_camera104/00014.jpg,other
2020-06-28_08-30-42_camera104,pskuss,train,,15,112.5,2020-06-28_08-30-42_camera104/00015.jpg,other
2020-06-28_08-30-42_camera104,pskuss,train,,16,120.0,2020-06-28_08-30-42_camera104/00016.jpg,other
2020-06-28_08-30-42_camera104,pskuss,train,,17,127.5,2020-06-28_08-30-42_camera104/00017.jpg,other
2020-06-28_08-30-42_camera104,pskuss,train,,18,135.0,2020-06-28_08-30-42_camera104/00018.jpg,other
2020-06-28_08-30-42_camera104,pskuss,train,,19,142.5,2020-06-28_08-30-42_camera104/00019.jpg,other
2020-06-28_08-30-42_camera104,pskuss,train,,20,150.0,2020-06-28_08-30-42_camera104/00020.jpg,other
2020-06-28_08-30-42_camera104,pskuss,train,,21,157.5,2020-06-28_08-30-42_camera104/00021.jpg,other
2020-06-28_08-30-42_camera104,pskuss,train,,22,165.0,2020-06-28_08-30-42_camera104/00022.jpg,other
2020-06-28_08-30-42_camera104,pskuss,train,,23,172.5,2020-06-28_08-30-42_camera104/00023.jpg,other
2020-06-28_08-30-42_camera104,pskuss,train,,24,180.0,2020-06-28_08-30-42_camera104/00024.jpg,other
2020-06-28_08-30-42_camera104,pskuss,train,,25,187.5,2020-06-28_08-30-42_camera104/00025.jpg,other
2020-06-28_08-30-42_camera104,pskuss,train,,26,195.0,2020-06-28_08-30-42_camera104/00026.jpg,other
2020-06-28_08-30-42_camera104,pskuss,train,,27,202.5,2020-06-28_08-30-42_camera104/00027.jpg,other
2020-06-28_08-30-42_camera104,pskuss,train,,28,210.0,2020-06-28_08-30-42_camera104/00028.jpg,other
2020-06-28_08-30-42_camera104,pskuss,train,,29,217.5,2020-06-28_08-30-42_camera104/00029.jpg,other
2020-06-28_08-30-42_camera104,pskuss,train,,30,225.0,2020-06-28_08-30-42_camera104/00030.jpg,other
2020-06-28_08-30-42_camera104,pskuss,train,,31,232.5,2020-06-28_08-30-42_camera104/00031.jpg,other
2020-06-28_08-30-42_camera104,pskuss,train,,32,240.0,2020-06-28_08-30-42_camera104/00032.jpg,other
2020-06-28_08-30-42_camera104,pskuss,train,,33,247.5,2020-06-28_08-30-42_camera104/00033.jpg,other
2020-06-28_08-30-42_camera104,pskuss,train,,34,255.0,2020-06-28_08-30-42_camera104/00034.jpg,other
2020-06-28_08-30-42_camera104,pskuss,train,,35,262.5,2020-06-28_08-30-42_camera104/00035.jpg,other
2020-06-28_08-30-42_camera104,pskuss,train,,36,270.0,2020-06-28_08-30-42_camera104/00036.jpg,other
2020-06-28_08-30-42_camera104,pskuss,train,,37,277.5,2020-06-28_08-30-42_camera104/00037.jpg,other
2020-06-28_08-30-42_camera104,pskuss,train,,38,285.0,2020-06-28_08-30-42_camera104/00038.jpg,other
2020-06-28_08-30-42_camera104,pskuss,train,,39,292.5,2020-06-28_08-30-42_camera104/00039.jpg,other
2020-06-28_08-30-42_camera104,pskuss,train,,40,300.0,2020-06-28_08-30-42_camera104/00040.jpg,other
2020-06-28_08-30-42_camera104,pskuss,train,,41,307.5,2020-06-28_08-30-42_camera104/00041.jpg,other
2020-06-28_08-30-42_camera104,pskuss,train,,42,315.0,2020-06-28_08-30-42_camera104/00042.jpg,other
2020-06-28_08-30-42_camera104,pskuss,train,,43,322.5,2020-06-28_08-30-42_camera104/00043.jpg,other
2020-06-28_08-30-42_camera104,pskuss,train,,44,330.0,2020-06-28_08-30-42_camera104/00044.jpg,other
2020-06-28_08-30-42_camera104,pskuss,train,,45,337.5,2020-06-28_08-30-42_camera104/00045.jpg,other
2020-06-28_08-30-42_camera104,pskuss,train,,46,345.0,2020-06-28_08-30-42_camera104/00046.jpg,other
2020-06-28_08-30-42_camera104,pskuss,train,,47,352.5,2020-06-28_08-30-42_camera104/00047.jpg,other
2020-06-28_08-30-42_camera104,pskuss,train,,48,360.0,2020-06-28_08-30-42_camera104/00048.jpg,other
2020-06-28_08-30-42_camera104,pskuss,train,,49,367.5,2020-06-28_08-30-42_camera104/00049.jpg,other
2020-06-28_08-30-42_camera104,pskuss,train,,50,375.0,2020-06-28_08-30-42_camera104/00050.jpg,other
2020-06-28_08-30-42_camera104,pskuss,train,,51,382.5,2020-06-28_08-30-42_camera104/00051.jpg,other
2020-06-28_08-30-42_camera104,pskuss,train,,52,390.0,2020-06-28_08-30-42_camera104/00052.jpg,other
2020-06-28_08-30-42_camera104,pskuss,train,,53,397.5,2020-06-28_08-30-42_camera104/00053.jpg,other
2020-06-28_08-30-42_camera104,pskuss,train,,54,405.0,2020-06-28_08-30-42_camera104/00054.jpg,other
2020-06-28_08-30-42_camera104,pskuss,train,,55,412.5,2020-06-28_08-30-42_camera104/00055.jpg,other
2020-06-28_08-30-42_camera104,pskuss,train,,56,420.0,2020-06-28_08-30-42_camera104/00056.jpg,other
2020-06-28_08-30-42_camera104,pskuss,train,,57,427.5,2020-06-28_08-30-42_camera104/00057.jpg,other
2020-06-28_08-30-42_camera104,pskuss,train,,58,435.0,2020-06-28_08-30-42_camera104/00058.jpg,other
2020-06-28_08-30-42_camera104,pskuss,train,,59,442.5,2020-06-28_08-30-42_camera104/00059.jpg,other
2020-06-28_08-30-42_camera104,pskuss,train,,60,450.0,2020-06-28_08-30-42_camera104/00060.jpg,other
2020-06-28_08-30-42_camera104,pskuss,train,,61,457.5,2020-06-28_08-30-42_camera104/00061.jpg,other
2020-06-28_08-30-42_camera104,pskuss,train,,62,465.0,2020-06-28_08-30-42_camera104/00062.jpg,other
2020-06-28_08-30-42_camera104,pskuss,train,,63,472.5,2020-06-28_08-30-42_camera104/00063.jpg,other
2020-06-28_08-47-01_camera104,pskuss,train,,0,0.0,2020-06-28_08-47-01_camera104/00000.jpg,other
2020-06-28_08-47-01_camera104,pskuss,train,,1,7.5,2020-06-28_08-47-01_camera104/00001.jpg,other
2020-06-28_08-47-01_camera104,pskuss,train,,2,15.0,2020-06-28_08-47-01_camera104/00002.jpg,other
2020-06-28_08-47-01_camera104,pskuss,train,,3,22.5,2020-06-28_08-47-01_camera104/00003.jpg,other
2020-06-28_08-47-01_camera104,pskuss,train,,4,30.0,2020-06-28_08-47-01_camera104/00004.jpg,other
2020-06-28_08-47-01_camera104,pskuss,train,,5,37.5,2020-06-28_08-47-01_camera104/00005.jpg,other
2020-06-28_08-47-01_camera104,pskuss,train,,6,45.0,2020-06-28_08-47-01_camera104/00006.jpg,other
2020-06-28_08-47-01_camera104,pskuss,train,,7,52.5,2020-06-28_08-47-01_camera104/00007.jpg,other
2020-06-28_08-47-01_camera104,pskuss,train,,8,60.0,2020-06-28_08-47-01_camera104/00008.jpg,other
2020-06-28_08-47-01_camera104,pskuss,train,,9,67.5,2020-06-28_08-47-01_camera104/00009.jpg,other
2020-06-28_08-47-01_camera104,pskuss,train,,10,75.0,2020-06-28_08-47-01_camera104/00010.jpg,other
2020-06-28_08-47-01_camera104,pskuss,train,,11,82.5,2020-06-28_08-47-01_camera104/00011.jpg,other
2020-06-28_08-47-01_camera104,pskuss,train,,12,90.0,2020-06-28_08-47-01_camera104/00012.jpg,other
2020-06-28_08-47-01_camera104,pskuss,train,,13,97.5,2020-06-28_08-47-01_camera104/00013.jpg,other
2020-06-28_08-47-01_camera104,pskuss,train,,14,105.0,2020-06-28_08-47-01_camera104/00014.jpg,other
2020-06-28_08-47-01_camera104,pskuss,train,,15,112.5,2020-06-28_08-47-01_camera104/00015.jpg,other
2020-06-28_08-47-01_camera104,pskuss,train,,16,120.0,2020-06-28_08-47-01_camera104/00016.jpg,other
2020-06-28_08-47-01_camera104,pskuss,train,,17,127.5,2020-06-28_08-47-01_camera104/00017.jpg,other
2020-06-28_08-47-01_camera104,pskuss,train,,18,135.0,2020-06-28_08-47-01_camera104/00018.jpg,other
2020-06-28_08-47-01_camera104,pskuss,train,,19,142.5,2020-06-28_08-47-01_camera104/00019.jpg,other
2020-06-28_08-47-01_camera104,pskuss,train,,20,150.0,2020-06-28_08-47-01_camera104/00020.jpg,other
2020-06-28_08-47-01_camera104,pskuss,train,,21,157.5,2020-06-28_08-47-01_camera104/00021.jpg,other
2020-06-28_08-47-01_camera104,pskuss,train,,22,165.0,2020-06-28_08-47-01_camera104/00022.jpg,other
2020-06-28_08-47-01_camera104,pskuss,train,,23,172.5,2020-06-28_08-47-01_camera104/00023.jpg,other
2020-06-28_08-47-01_camera104,pskuss,train,,24,180.0,2020-06-28_08-47-01_camera104/00024.jpg,other
2020-06-28_08-47-01_camera104,pskuss,train,,25,187.5,2020-06-28_08-47-01_camera104/00025.jpg,other
2020-06-28_08-47-01_camera104,pskuss,train,,26,195.0,2020-06-28_08-47-01_camera104/00026.jpg,other
2020-06-28_08-47-01_camera104,pskuss,train,,27,202.5,2020-06-28_08-47-01_camera104/00027.jpg,other
2020-06-28_08-47-01_camera104,pskuss,train,,28,210.0,2020-06-28_08-47-01_camera104/00028.jpg,other
2020-06-28_08-47-01_camera104,pskuss,train,,29,217.5,2020-06-28_08-47-01_camera104/00029.jpg,other
2020-06-28_08-47-01_camera104,pskuss,train,,30,225.0,2020-06-28_08-47-01_camera104/00030.jpg,other
2020-06-28_08-47-01_camera104,pskuss,train,,31,232.5,2020-06-28_08-47-01_camera104/00031.jpg,other
2020-06-28_08-47-01_camera104,pskuss,train,,32,240.0,2020-06-28_08-47-01_camera104/00032.jpg,other
2020-06-28_08-47-01_camera104,pskuss,train,,33,247.5,2020-06-28_08-47-01_camera104/00033.jpg,other
2020-06-28_08-47-01_camera104,pskuss,train,,34,255.0,2020-06-28_08-47-01_camera104/00034.jpg,other
2020-06-28_08-47-01_camera104,pskuss,train,,35,262.5,2020-06-28_08-47-01_camera104/00035.jpg,other
2020-06-28_08-47-01_camera104,pskuss,train,,36,270.0,2020-06-28_08-47-01_camera104/00036.jpg,other
2020-06-28_08-47-01_camera104,pskuss,train,,37,277.5,2020-06-28_08-47-01_camera104/00037.jpg,other
2020-06-28_08-47-01_camera104,pskuss,train,,38,285.0,2020-06-28_08-47-01_camera104/00038.jpg,other
2020-06-28_08-47-01_camera104,pskuss,train,,39,292.5,2020-06-28_08-47-01_camera104/00039.jpg,other
2020-06-28_08-47-01_camera104,pskuss,train,,40,300.0,2020-06-28_08-47-01_camera104/00040.jpg,other
2020-06-28_08-47-01_camera104,pskuss,train,,41,307.5,2020-06-28_08-47-01_camera104/00041.jpg,other
2020-06-28_08-47-01_camera104,pskuss,train,,42,315.0,2020-06-28_08-47-01_camera104/00042.jpg,other
2020-06-28_08-47-01_camera104,pskuss,train,,43,322.5,2020-06-28_08-47-01_camera104/00043.jpg,other
2020-06-28_08-47-01_camera104,pskuss,train,,44,330.0,2020-06-28_08-47-01_camera104/00044.jpg,other
2020-06-28_08-47-01_camera104,pskuss,train,,45,337.5,2020-06-28_08-47-01_camera104/00045.jpg,other
2020-06-28_08-47-01_camera104,pskuss,train,,46,345.0,2020-06-28_08-47-01_camera104/00046.jpg,other
2020-06-28_08-47-01_camera104,pskuss,train,,47,352.5,2020-06-28_08-47-01_camera104/00047.jpg,other
2020-06-28_08-47-01_camera104,pskuss,train,,48,360.0,2020-06-28_08-47-01_camera104/00048.jpg,other
2020-06-28_08-47-01_camera104,pskuss,train,,49,367.5,2020-06-28_08-47-01_camera104/00049.jpg,other
2020-06-28_08-47-01_camera104,pskuss,train,,50,375.0,2020-06-28_08-47-01_camera104/00050.jpg,other
2020-06-28_08-47-01_camera104,pskuss,train,,51,382.5,2020-06-28_08-47-01_camera104/00051.jpg,other
2020-06-28_08-47-01_camera104,pskuss,train,,52,390.0,2020-06-28_08-47-01_camera104/00052.jpg,other
2020-06-28_08-47-01_camera104,pskuss,train,,53,397.5,2020-06-28_08-47-01_camera104/00053.jpg,other
2020-06-28_08-47-01_camera104,pskuss,train,,54,405.0,2020-06-28_08-47-01_camera104/00054.jpg,other
2020-06-28_08-47-01_camera104,pskuss,train,,55,412.5,2020-06-28_08-47-01_camera104/00055.jpg,other
2020-06-28_08-47-01_camera104,pskuss,train,,56,420.0,2020-06-28_08-47-01_camera104/00056.jpg,other
2020-06-28_08-47-01_camera104,pskuss,train,,57,427.5,2020-06-28_08-47-01_camera104/00057.jpg,other
2020-06-28_08-47-01_camera104,pskuss,train,,58,435.0,2020-06-28_08-47-01_camera104/00058.jpg,other
2020-06-28_08-47-01_camera104,pskuss,train,,59,442.5,2020-06-28_08-47-01_camera104/00059.jpg,other
2020-06-28_08-47-01_camera104,pskuss,train,,60,450.0,2020-06-28_08-47-01_camera104/00060.jpg,other
2020-06-28_08-47-01_camera104,pskuss,train,,61,457.5,2020-06-28_08-47-01_camera104/00061.jpg,other
2020-06-28_08-47-01_camera104,pskuss,train,,62,465.0,2020-06-28_08-47-01_camera104/00062.jpg,other
2020-06-28_08-47-01_camera104,pskuss,train,,63,472.5,2020-06-28_08-47-01_camera104/00063.jpg,other
2020-06-28_08-47-01_camera104,pskuss,train,,64,480.0,2020-06-28_08-47-01_camera104/00064.jpg,other
2020-06-28_08-47-01_camera104,pskuss,train,,65,487.5,2020-06-28_08-47-01_camera104/00065.jpg,other
2020-06-28_08-47-01_camera104,pskuss,train,,66,495.0,2020-06-28_08-47-01_camera104/00066.jpg,other
2020-06-28_08-47-01_camera104,pskuss,train,,67,502.5,2020-06-28_08-47-01_camera104/00067.jpg,other
2020-06-28_08-47-01_camera104,pskuss,train,,68,510.0,2020-06-28_08-47-01_camera104/00068.jpg,other
2020-06-28_08-47-01_camera104,pskuss,train,,69,517.5,2020-06-28_08-47-01_camera104/00069.jpg,other
2020-06-28_08-47-01_camera104,pskuss,train,,70,525.0,2020-06-28_08-47-01_camera104/00070.jpg,other
2020-06-28_08-47-01_camera104,pskuss,train,,71,532.5,2020-06-28_08-47-01_camera104/00071.jpg,other
2020-06-28_08-47-01_camera104,pskuss,train,,72,540.0,2020-06-28_08-47-01_camera104/00072.jpg,other
2020-06-28_08-47-01_camera104,pskuss,train,,73,547.5,2020-06-28_08-47-01_camera104/00073.jpg,other
2020-06-28_08-47-01_camera104,pskuss,train,,74,555.0,2020-06-28_08-47-01_camera104/00074.jpg,other
2020-06-28_08-47-01_camera104,pskuss,train,,75,562.5,2020-06-28_08-47-01_camera104/00075.jpg,other
2020-06-28_08-47-01_camera104,pskuss,train,,76,570.0,2020-06-28_08-47-01_camera104/00076.jpg,other
2020-06-28_08-47-01_camera104,pskuss,train,,77,577.5,2020-06-28_08-47-01_camera104/00077.jpg,other
2020-06-28_11-05-06_camera104,pskuss,train,,0,0.0,2020-06-28_11-05-06_camera104/00000.jpg,other
2020-06-28_11-05-06_camera104,pskuss,train,,1,7.5,2020-06-28_11-05-06_camera104/00001.jpg,other
2020-06-28_11-05-06_camera104,pskuss,train,,2,15.0,2020-06-28_11-05-06_camera104/00002.jpg,other
2020-06-28_11-05-06_camera104,pskuss,train,,3,22.5,2020-06-28_11-05-06_camera104/00003.jpg,other
2020-06-28_11-05-06_camera104,pskuss,train,,4,30.0,2020-06-28_11-05-06_camera104/00004.jpg,other
2020-06-28_11-05-06_camera104,pskuss,train,,5,37.5,2020-06-28_11-05-06_camera104/00005.jpg,other
2020-06-28_11-05-06_camera104,pskuss,train,,6,45.0,2020-06-28_11-05-06_camera104/00006.jpg,other
2020-06-28_11-05-06_camera104,pskuss,train,,7,52.5,2020-06-28_11-05-06_camera104/00007.jpg,other
2020-06-28_11-05-06_camera104,pskuss,train,,8,60.0,2020-06-28_11-05-06_camera104/00008.jpg,other
2020-06-28_11-05-06_camera104,pskuss,train,,9,67.5,2020-06-28_11-05-06_camera104/00009.jpg,other
2020-06-28_11-05-06_camera104,pskuss,train,,10,75.0,2020-06-28_11-05-06_camera104/00010.jpg,other
2020-06-28_11-05-06_camera104,pskuss,train,,11,82.5,2020-06-28_11-05-06_camera104/00011.jpg,other
2020-06-28_11-05-06_camera104,pskuss,train,,12,90.0,2020-06-28_11-05-06_camera104/00012.jpg,other
2020-06-28_11-05-06_camera104,pskuss,train,,13,97.5,2020-06-28_11-05-06_camera104/00013.jpg,other
2020-06-28_11-05-06_camera104,pskuss,train,,14,105.0,2020-06-28_11-05-06_camera104/00014.jpg,other
2020-06-28_11-05-06_camera104,pskuss,train,,15,112.5,2020-06-28_11-05-06_camera104/00015.jpg,other
2020-06-28_11-05-06_camera104,pskuss,train,,16,120.0,2020-06-28_11-05-06_camera104/00016.jpg,other
2020-06-28_11-05-06_camera104,pskuss,train,,17,127.5,2020-06-28_11-05-06_camera104/00017.jpg,other
2020-06-28_11-05-06_camera104,pskuss,train,,18,135.0,2020-06-28_11-05-06_camera104/00018.jpg,other
2020-06-28_11-05-06_camera104,pskuss,train,,19,142.5,2020-06-28_11-05-06_camera104/00019.jpg,other
2020-06-28_11-05-06_camera104,pskuss,train,,20,150.0,2020-06-28_11-05-06_camera104/00020.jpg,other
2020-06-28_11-05-06_camera104,pskuss,train,,21,157.5,2020-06-28_11-05-06_camera104/00021.jpg,other
2020-06-28_11-05-06_camera104,pskuss,train,,22,165.0,2020-06-28_11-05-06_camera104/00022.jpg,other
2020-06-28_11-05-06_camera104,pskuss,train,,23,172.5,2020-06-28_11-05-06_camera104/00023.jpg,other
2020-06-28_11-05-06_camera104,pskuss,train,,24,180.0,2020-06-28_11-05-06_camera104/00024.jpg,other
2020-06-28_11-05-06_camera104,pskuss,train,,25,187.5,2020-06-28_11-05-06_camera104/00025.jpg,other
2020-06-28_11-05-06_camera104,pskuss,train,,26,195.0,2020-06-28_11-05-06_camera104/00026.jpg,other
2020-06-28_11-05-06_camera104,pskuss,train,,27,202.5,2020-06-28_11-05-06_camera104/00027.jpg,other
2020-06-28_11-05-06_camera104,pskuss,train,,28,210.0,2020-06-28_11-05-06_camera104/00028.jpg,other
2020-06-28_11-05-06_camera104,pskuss,train,,29,217.5,2020-06-28_11-05-06_camera104/00029.jpg,other
2020-06-28_11-05-06_camera104,pskuss,train,,30,225.0,2020-06-28_11-05-06_camera104/00030.jpg,other
2020-06-28_11-05-06_camera104,pskuss,train,,31,232.5,2020-06-28_11-05-06_camera104/00031.jpg,other
2020-06-28_11-05-06_camera104,pskuss,train,,32,240.0,2020-06-28_11-05-06_camera104/00032.jpg,other
2020-06-28_11-05-06_camera104,pskuss,train,,33,247.5,2020-06-28_11-05-06_camera104/00033.jpg,other
2020-06-28_11-05-06_camera104,pskuss,train,,34,255.0,2020-06-28_11-05-06_camera104/00034.jpg,other
2020-06-28_11-05-06_camera104,pskuss,train,,35,262.5,2020-06-28_11-05-06_camera104/00035.jpg,other
2020-06-28_11-05-06_camera104,pskuss,train,,36,270.0,2020-06-28_11-05-06_camera104/00036.jpg,other
2020-06-28_11-05-06_camera104,pskuss,train,,37,277.5,2020-06-28_11-05-06_camera104/00037.jpg,other
2020-06-28_11-05-06_camera104,pskuss,train,,38,285.0,2020-06-28_11-05-06_camera104/00038.jpg,other
2020-06-28_11-05-06_camera104,pskuss,train,,39,292.5,2020-06-28_11-05-06_camera104/00039.jpg,other
2020-06-28_11-05-06_camera104,pskuss,train,,40,300.0,2020-06-28_11-05-06_camera104/00040.jpg,other
2020-06-28_11-05-06_camera104,pskuss,train,,41,307.5,2020-06-28_11-05-06_camera104/00041.jpg,other
2020-06-28_11-05-06_camera104,pskuss,train,,42,315.0,2020-06-28_11-05-06_camera104/00042.jpg,other
2020-06-28_11-05-06_camera104,pskuss,train,,43,322.5,2020-06-28_11-05-06_camera104/00043.jpg,other
2020-06-28_11-05-06_camera104,pskuss,train,,44,330.0,2020-06-28_11-05-06_camera104/00044.jpg,other
2020-06-28_11-05-06_camera104,pskuss,train,,45,337.5,2020-06-28_11-05-06_camera104/00045.jpg,other
2020-06-28_11-05-06_camera104,pskuss,train,,46,345.0,2020-06-28_11-05-06_camera104/00046.jpg,other
2020-06-28_11-05-06_camera104,pskuss,train,,47,352.5,2020-06-28_11-05-06_camera104/00047.jpg,other
2020-06-28_11-05-06_camera104,pskuss,train,,48,360.0,2020-06-28_11-05-06_camera104/00048.jpg,other
2020-06-28_11-05-06_camera104,pskuss,train,,49,367.5,2020-06-28_11-05-06_camera104/00049.jpg,other
2020-06-28_11-05-06_camera104,pskuss,train,,50,375.0,2020-06-28_11-05-06_camera104/00050.jpg,other
2020-06-28_11-05-06_camera104,pskuss,train,,51,382.5,2020-06-28_11-05-06_camera104/00051.jpg,other
2020-06-28_11-05-06_camera104,pskuss,train,,52,390.0,2020-06-28_11-05-06_camera104/00052.jpg,other
2020-06-28_11-05-06_camera104,pskuss,train,,53,397.5,2020-06-28_11-05-06_camera104/00053.jpg,other
2020-06-28_11-05-06_camera104,pskuss,train,,54,405.0,2020-06-28_11-05-06_camera104/00054.jpg,other
2020-06-28_11-05-06_camera104,pskuss,train,,55,412.5,2020-06-28_11-05-06_camera104/00055.jpg,other
2020-06-28_11-05-06_camera104,pskuss,train,,56,420.0,2020-06-28_11-05-06_camera104/00056.jpg,other
2020-06-28_11-05-06_camera104,pskuss,train,,57,427.5,2020-06-28_11-05-06_camera104/00057.jpg,other
2020-06-28_11-05-06_camera104,pskuss,train,,58,435.0,2020-06-28_11-05-06_camera104/00058.jpg,other
2020-06-28_11-05-06_camera104,pskuss,train,,59,442.5,2020-06-28_11-05-06_camera104/00059.jpg,other
2020-06-28_11-05-06_camera104,pskuss,train,,60,450.0,2020-06-28_11-05-06_camera104/00060.jpg,other
2020-06-28_11-05-06_camera104,pskuss,train,,61,457.5,2020-06-28_11-05-06_camera104/00061.jpg,other
2020-06-28_11-05-06_camera104,pskuss,train,,62,465.0,2020-06-28_11-05-06_camera104/00062.jpg,other
2020-06-28_11-05-06_camera104,pskuss,train,,63,472.5,2020-06-28_11-05-06_camera104/00063.jpg,other
2020-06-28_11-05-06_camera104,pskuss,train,,64,480.0,2020-06-28_11-05-06_camera104/00064.jpg,other
2020-06-28_11-05-06_camera104,pskuss,train,,65,487.5,2020-06-28_11-05-06_camera104/00065.jpg,other
2020-06-28_11-05-06_camera104,pskuss,train,,66,495.0,2020-06-28_11-05-06_camera104/00066.jpg,other
2020-06-28_11-05-06_camera104,pskuss,train,,67,502.5,2020-06-28_11-05-06_camera104/00067.jpg,other
2020-06-28_11-05-06_camera104,pskuss,train,,68,510.0,2020-06-28_11-05-06_camera104/00068.jpg,other
2020-06-28_11-05-06_camera104,pskuss,train,,69,517.5,2020-06-28_11-05-06_camera104/00069.jpg,other
2020-06-28_11-05-06_camera104,pskuss,train,,70,525.0,2020-06-28_11-05-06_camera104/00070.jpg,other
2020-06-28_11-05-06_camera104,pskuss,train,,71,532.5,2020-06-28_11-05-06_camera104/00071.jpg,other
2020-06-28_11-05-06_camera104,pskuss,train,,72,540.0,2020-06-28_11-05-06_camera104/00072.jpg,other
2020-06-28_11-05-06_camera104,pskuss,train,,73,547.5,2020-06-28_11-05-06_camera104/00073.jpg,other
2020-06-28_11-05-06_camera104,pskuss,train,,74,555.0,2020-06-28_11-05-06_camera104/00074.jpg,other
2020-06-28_11-05-06_camera104,pskuss,train,,75,562.5,2020-06-28_11-05-06_camera104/00075.jpg,other
2020-06-28_11-05-06_camera104,pskuss,train,,76,570.0,2020-06-28_11-05-06_camera104/00076.jpg,other
2020-06-28_11-05-06_camera104,pskuss,train,,77,577.5,2020-06-28_11-05-06_camera104/00077.jpg,other
2020-06-28_11-05-06_camera104,pskuss,train,,78,585.0,2020-06-28_11-05-06_camera104/00078.jpg,other
2020-06-28_11-05-06_camera104,pskuss,train,,79,592.5,2020-06-28_11-05-06_camera104/00079.jpg,other
2020-06-28_11-15-03_camera104,pskuss,train,,0,0.0,2020-06-28_11-15-03_camera104/00000.jpg,other
2020-06-28_11-15-03_camera104,pskuss,train,,1,7.5,2020-06-28_11-15-03_camera104/00001.jpg,other
2020-06-28_11-15-03_camera104,pskuss,train,,2,15.0,2020-06-28_11-15-03_camera104/00002.jpg,other
2020-06-28_11-15-03_camera104,pskuss,train,,3,22.5,2020-06-28_11-15-03_camera104/00003.jpg,other
2020-06-28_11-15-03_camera104,pskuss,train,,4,30.0,2020-06-28_11-15-03_camera104/00004.jpg,other
2020-06-28_11-15-03_camera104,pskuss,train,,5,37.5,2020-06-28_11-15-03_camera104/00005.jpg,other
2020-06-28_11-15-03_camera104,pskuss,train,,6,45.0,2020-06-28_11-15-03_camera104/00006.jpg,other
2020-06-28_11-15-03_camera104,pskuss,train,,7,52.5,2020-06-28_11-15-03_camera104/00007.jpg,other
2020-06-28_11-15-03_camera104,pskuss,train,,8,60.0,2020-06-28_11-15-03_camera104/00008.jpg,other
2020-06-28_11-15-03_camera104,pskuss,train,,9,67.5,2020-06-28_11-15-03_camera104/00009.jpg,other
2020-06-28_11-15-03_camera104,pskuss,train,,10,75.0,2020-06-28_11-15-03_camera104/00010.jpg,other
2020-06-28_11-15-03_camera104,pskuss,train,,11,82.5,2020-06-28_11-15-03_camera104/00011.jpg,other
2020-06-28_11-15-03_camera104,pskuss,train,,12,90.0,2020-06-28_11-15-03_camera104/00012.jpg,other
2020-06-28_11-15-03_camera104,pskuss,train,,13,97.5,2020-06-28_11-15-03_camera104/00013.jpg,other
2020-06-28_11-15-03_camera104,pskuss,train,,14,105.0,2020-06-28_11-15-03_camera104/00014.jpg,other
2020-06-28_11-15-03_camera104,pskuss,train,,15,112.5,2020-06-28_11-15-03_camera104/00015.jpg,other
2020-06-28_11-15-03_camera104,pskuss,train,,16,120.0,2020-06-28_11-15-03_camera104/00016.jpg,other
2020-06-28_11-15-03_camera104,pskuss,train,,17,127.5,2020-06-28_11-15-03_camera104/00017.jpg,other
2020-06-28_11-15-03_camera104,pskuss,train,,18,135.0,2020-06-28_11-15-03_camera104/00018.jpg,other
2020-06-28_11-15-03_camera104,pskuss,train,,19,142.5,2020-06-28_11-15-03_camera104/00019.jpg,other
2020-06-28_11-15-03_camera104,pskuss,train,,20,150.0,2020-06-28_11-15-03_camera104/00020.jpg,other
2020-06-28_11-15-03_camera104,pskuss,train,,21,157.5,2020-06-28_11-15-03_camera104/00021.jpg,other
2020-06-28_11-15-03_camera104,pskuss,train,,22,165.0,2020-06-28_11-15-03_camera104/00022.jpg,other
2020-06-28_11-15-03_camera104,pskuss,train,,23,172.5,2020-06-28_11-15-03_camera104/00023.jpg,other
2020-06-28_11-15-03_camera104,pskuss,train,,24,180.0,2020-06-28_11-15-03_camera104/00024.jpg,other
2020-06-28_11-15-03_camera104,pskuss,train,,25,187.5,2020-06-28_11-15-03_camera104/00025.jpg,other
2020-06-28_11-15-03_camera104,pskuss,train,,26,195.0,2020-06-28_11-15-03_camera104/00026.jpg,other
2020-06-28_11-15-03_camera104,pskuss,train,,27,202.5,2020-06-28_11-15-03_camera104/00027.jpg,other
2020-06-28_11-15-03_camera104,pskuss,train,,28,210.0,2020-06-28_11-15-03_camera104/00028.jpg,other
2020-06-28_11-15-03_camera104,pskuss,train,,29,217.5,2020-06-28_11-15-03_camera104/00029.jpg,other
2020-06-28_11-15-03_camera104,pskuss,train,,30,225.0,2020-06-28_11-15-03_camera104/00030.jpg,other
2020-06-28_11-15-03_camera104,pskuss,train,,31,232.5,2020-06-28_11-15-03_camera104/00031.jpg,other
2020-06-28_11-15-03_camera104,pskuss,train,,32,240.0,2020-06-28_11-15-03_camera104/00032.jpg,other
2020-06-28_11-15-03_camera104,pskuss,train,,33,247.5,2020-06-28_11-15-03_camera104/00033.jpg,other
2020-06-28_11-15-03_camera104,pskuss,train,,34,255.0,2020-06-28_11-15-03_camera104/00034.jpg,other
2020-06-28_11-15-03_camera104,pskuss,train,,35,262.5,2020-06-28_11-15-03_camera104/00035.jpg,other
2020-06-28_11-15-03_camera104,pskuss,train,,36,270.0,2020-06-28_11-15-03_camera104/00036.jpg,other
2020-06-28_11-15-03_camera104,pskuss,train,,37,277.5,2020-06-28_11-15-03_camera104/00037.jpg,other
2020-06-28_11-15-03_camera104,pskuss,train,,38,285.0,2020-06-28_11-15-03_camera104/00038.jpg,other
2020-06-28_11-15-03_camera104,pskuss,train,,39,292.5,2020-06-28_11-15-03_camera104/00039.jpg,other
2020-06-28_11-15-03_camera104,pskuss,train,,40,300.0,2020-06-28_11-15-03_camera104/00040.jpg,other
2020-06-28_11-15-03_camera104,pskuss,train,,41,307.5,2020-06-28_11-15-03_camera104/00041.jpg,other
2020-06-28_11-15-03_camera104,pskuss,train,,42,315.0,2020-06-28_11-15-03_camera104/00042.jpg,other
2020-06-28_11-15-03_camera104,pskuss,train,,43,322.5,2020-06-28_11-15-03_camera104/00043.jpg,other
2020-06-28_11-15-03_camera104,pskuss,train,,44,330.0,2020-06-28_11-15-03_camera104/00044.jpg,other
2020-06-28_11-15-03_camera104,pskuss,train,,45,337.5,2020-06-28_11-15-03_camera104/00045.jpg,other
2020-06-28_11-15-03_camera104,pskuss,train,,46,345.0,2020-06-28_11-15-03_camera104/00046.jpg,other
2020-06-28_11-15-03_camera104,pskuss,train,,47,352.5,2020-06-28_11-15-03_camera104/00047.jpg,other
2020-06-28_11-15-03_camera104,pskuss,train,,48,360.0,2020-06-28_11-15-03_camera104/00048.jpg,other
2020-06-28_11-15-03_camera104,pskuss,train,,49,367.5,2020-06-28_11-15-03_camera104/00049.jpg,other
2020-06-28_11-15-03_camera104,pskuss,train,,50,375.0,2020-06-28_11-15-03_camera104/00050.jpg,other
2020-06-28_11-15-03_camera104,pskuss,train,,51,382.5,2020-06-28_11-15-03_camera104/00051.jpg,other
2020-06-28_11-15-03_camera104,pskuss,train,,52,390.0,2020-06-28_11-15-03_camera104/00052.jpg,other
2020-06-28_11-15-03_camera104,pskuss,train,,53,397.5,2020-06-28_11-15-03_camera104/00053.jpg,other
2020-06-28_11-15-03_camera104,pskuss,train,,54,405.0,2020-06-28_11-15-03_camera104/00054.jpg,other
2020-06-28_11-15-03_camera104,pskuss,train,,55,412.5,2020-06-28_11-15-03_camera104/00055.jpg,other
2020-06-28_11-15-03_camera104,pskuss,train,,56,420.0,2020-06-28_11-15-03_camera104/00056.jpg,other
2020-06-28_11-15-03_camera104,pskuss,train,,57,427.5,2020-06-28_11-15-03_camera104/00057.jpg,other
2020-06-28_11-15-03_camera104,pskuss,train,,58,435.0,2020-06-28_11-15-03_camera104/00058.jpg,other
2020-06-28_11-15-03_camera104,pskuss,train,,59,442.5,2020-06-28_11-15-03_camera104/00059.jpg,other
2020-06-28_11-15-03_camera104,pskuss,train,,60,450.0,2020-06-28_11-15-03_camera104/00060.jpg,other
2020-06-28_11-15-03_camera104,pskuss,train,,61,457.5,2020-06-28_11-15-03_camera104/00061.jpg,other
2020-06-28_11-15-03_camera104,pskuss,train,,62,465.0,2020-06-28_11-15-03_camera104/00062.jpg,other
2020-06-28_11-15-03_camera104,pskuss,train,,63,472.5,2020-06-28_11-15-03_camera104/00063.jpg,other
2020-06-28_11-15-03_camera104,pskuss,train,,64,480.0,2020-06-28_11-15-03_camera104/00064.jpg,other
2020-06-28_11-15-03_camera104,pskuss,train,,65,487.5,2020-06-28_11-15-03_camera104/00065.jpg,other
2020-06-28_11-15-03_camera104,pskuss,train,,66,495.0,2020-06-28_11-15-03_camera104/00066.jpg,other
2020-06-28_11-15-03_camera104,pskuss,train,,67,502.5,2020-06-28_11-15-03_camera104/00067.jpg,other
2020-06-28_11-15-03_camera104,pskuss,train,,68,510.0,2020-06-28_11-15-03_camera104/00068.jpg,other
2020-06-28_11-15-03_camera104,pskuss,train,,69,517.5,2020-06-28_11-15-03_camera104/00069.jpg,other
2020-06-28_11-15-03_camera104,pskuss,train,,70,525.0,2020-06-28_11-15-03_camera104/00070.jpg,other
2020-06-28_11-15-03_camera104,pskuss,train,,71,532.5,2020-06-28_11-15-03_camera104/00071.jpg,other
2020-06-28_11-15-03_camera104,pskuss,train,,72,540.0,2020-06-28_11-15-03_camera104/00072.jpg,other
2020-06-28_11-15-03_camera104,pskuss,train,,73,547.5,2020-06-28_11-15-03_camera104/00073.jpg,other
2020-06-28_11-15-03_camera104,pskuss,train,,74,555.0,2020-06-28_11-15-03_camera104/00074.jpg,other
2020-06-28_11-15-03_camera104,pskuss,train,,75,562.5,2020-06-28_11-15-03_camera104/00075.jpg,other
2020-06-26_21-26-56_camera104,pskuss,val,,0,0.0,2020-06-26_21-26-56_camera104/00000.jpg,other
2020-06-26_21-26-56_camera104,pskuss,val,,1,7.5,2020-06-26_21-26-56_camera104/00001.jpg,other
2020-06-26_21-26-56_camera104,pskuss,val,,2,15.0,2020-06-26_21-26-56_camera104/00002.jpg,other
2020-06-26_21-26-56_camera104,pskuss,val,,3,22.5,2020-06-26_21-26-56_camera104/00003.jpg,other
2020-06-26_21-26-56_camera104,pskuss,val,,4,30.0,2020-06-26_21-26-56_camera104/00004.jpg,other
2020-06-26_21-26-56_camera104,pskuss,val,,5,37.5,2020-06-26_21-26-56_camera104/00005.jpg,other
2020-06-26_21-26-56_camera104,pskuss,val,,6,45.0,2020-06-26_21-26-56_camera104/00006.jpg,other
2020-06-26_21-26-56_camera104,pskuss,val,,7,52.5,2020-06-26_21-26-56_camera104/00007.jpg,other
2020-06-26_21-26-56_camera104,pskuss,val,,8,60.0,2020-06-26_21-26-56_camera104/00008.jpg,other
2020-06-26_21-26-56_camera104,pskuss,val,,9,67.5,2020-06-26_21-26-56_camera104/00009.jpg,other
2020-06-26_21-26-56_camera104,pskuss,val,,10,75.0,2020-06-26_21-26-56_camera104/00010.jpg,other
2020-06-26_21-26-56_camera104,pskuss,val,,11,82.5,2020-06-26_21-26-56_camera104/00011.jpg,other
2020-06-26_21-26-56_camera104,pskuss,val,,12,90.0,2020-06-26_21-26-56_camera104/00012.jpg,other
2020-06-26_21-26-56_camera104,pskuss,val,,13,97.5,2020-06-26_21-26-56_camera104/00013.jpg,other
2020-06-26_21-26-56_camera104,pskuss,val,,14,105.0,2020-06-26_21-26-56_camera104/00014.jpg,other
2020-06-26_21-26-56_camera104,pskuss,val,,15,112.5,2020-06-26_21-26-56_camera104/00015.jpg,other
2020-06-26_21-26-56_camera104,pskuss,val,,16,120.0,2020-06-26_21-26-56_camera104/00016.jpg,other
2020-06-26_21-26-56_camera104,pskuss,val,,17,127.5,2020-06-26_21-26-56_camera104/00017.jpg,other
2020-06-26_21-26-56_camera104,pskuss,val,,18,135.0,2020-06-26_21-26-56_camera104/00018.jpg,other
2020-06-26_21-26-56_camera104,pskuss,val,,19,142.5,2020-06-26_21-26-56_camera104/00019.jpg,other
2020-06-26_21-26-56_camera104,pskuss,val,,20,150.0,2020-06-26_21-26-56_camera104/00020.jpg,other
2020-06-26_21-26-56_camera104,pskuss,val,,21,157.5,2020-06-26_21-26-56_camera104/00021.jpg,other
2020-06-26_21-26-56_camera104,pskuss,val,,22,165.0,2020-06-26_21-26-56_camera104/00022.jpg,other
2020-06-26_21-26-56_camera104,pskuss,val,,23,172.5,2020-06-26_21-26-56_camera104/00023.jpg,other
2020-06-26_21-26-56_camera104,pskuss,val,,24,180.0,2020-06-26_21-26-56_camera104/00024.jpg,other
2020-06-26_21-26-56_camera104,pskuss,val,,25,187.5,2020-06-26_21-26-56_camera104/00025.jpg,other
2020-06-26_21-26-56_camera104,pskuss,val,,26,195.0,2020-06-26_21-26-56_camera104/00026.jpg,other
2020-06-26_21-26-56_camera104,pskuss,val,,27,202.5,2020-06-26_21-26-56_camera104/00027.jpg,other
2020-06-26_21-26-56_camera104,pskuss,val,,28,210.0,2020-06-26_21-26-56_camera104/00028.jpg,other
2020-06-26_21-26-56_camera104,pskuss,val,,29,217.5,2020-06-26_21-26-56_camera104/00029.jpg,other
2020-06-26_21-26-56_camera104,pskuss,val,,30,225.0,2020-06-26_21-26-56_camera104/00030.jpg,other
2020-06-26_21-26-56_camera104,pskuss,val,,31,232.5,2020-06-26_21-26-56_camera104/00031.jpg,other
2020-06-26_21-26-56_camera104,pskuss,val,,32,240.0,2020-06-26_21-26-56_camera104/00032.jpg,other
2020-06-26_21-26-56_camera104,pskuss,val,,33,247.5,2020-06-26_21-26-56_camera104/00033.jpg,other
2020-06-26_21-26-56_camera104,pskuss,val,,34,255.0,2020-06-26_21-26-56_camera104/00034.jpg,other
2020-06-26_21-26-56_camera104,pskuss,val,,35,262.5,2020-06-26_21-26-56_camera104/00035.jpg,other
2020-06-26_21-26-56_camera104,pskuss,val,,36,270.0,2020-06-26_21-26-56_camera104/00036.jpg,other
2020-06-26_21-26-56_camera104,pskuss,val,,37,277.5,2020-06-26_21-26-56_camera104/00037.jpg,other
2020-06-27_12-20-16_camera104,pskuss,val,,0,0.0,2020-06-27_12-20-16_camera104/00000.jpg,other
2020-06-27_12-20-16_camera104,pskuss,val,,1,7.5,2020-06-27_12-20-16_camera104/00001.jpg,other
2020-06-27_12-20-16_camera104,pskuss,val,,2,15.0,2020-06-27_12-20-16_camera104/00002.jpg,other
2020-06-27_12-20-16_camera104,pskuss,val,,3,22.5,2020-06-27_12-20-16_camera104/00003.jpg,other
2020-06-27_12-20-16_camera104,pskuss,val,,4,30.0,2020-06-27_12-20-16_camera104/00004.jpg,other
2020-06-27_12-20-16_camera104,pskuss,val,,5,37.5,2020-06-27_12-20-16_camera104/00005.jpg,other
2020-06-27_12-20-16_camera104,pskuss,val,,6,45.0,2020-06-27_12-20-16_camera104/00006.jpg,other
2020-06-27_12-20-16_camera104,pskuss,val,,7,52.5,2020-06-27_12-20-16_camera104/00007.jpg,other
2020-06-27_12-20-16_camera104,pskuss,val,,8,60.0,2020-06-27_12-20-16_camera104/00008.jpg,other
2020-06-27_12-20-16_camera104,pskuss,val,,9,67.5,2020-06-27_12-20-16_camera104/00009.jpg,other
2020-06-27_12-20-16_camera104,pskuss,val,,10,75.0,2020-06-27_12-20-16_camera104/00010.jpg,other
2020-06-27_12-20-16_camera104,pskuss,val,,11,82.5,2020-06-27_12-20-16_camera104/00011.jpg,other
2020-06-27_12-20-16_camera104,pskuss,val,,12,90.0,2020-06-27_12-20-16_camera104/00012.jpg,other
2020-06-27_12-20-16_camera104,pskuss,val,,13,97.5,2020-06-27_12-20-16_camera104/00013.jpg,other
2020-06-27_12-20-16_camera104,pskuss,val,,14,105.0,2020-06-27_12-20-16_camera104/00014.jpg,other
2020-06-27_12-20-16_camera104,pskuss,val,,15,112.5,2020-06-27_12-20-16_camera104/00015.jpg,other
2020-06-27_12-20-16_camera104,pskuss,val,,16,120.0,2020-06-27_12-20-16_camera104/00016.jpg,other
2020-06-27_12-20-16_camera104,pskuss,val,,17,127.5,2020-06-27_12-20-16_camera104/00017.jpg,other
2020-06-27_12-20-16_camera104,pskuss,val,,18,135.0,2020-06-27_12-20-16_camera104/00018.jpg,other
2020-06-27_12-20-16_camera104,pskuss,val,,19,142.5,2020-06-27_12-20-16_camera104/00019.jpg,other
2020-06-27_12-20-16_camera104,pskuss,val,,20,150.0,2020-06-27_12-20-16_camera104/00020.jpg,other
2020-06-27_12-20-16_camera104,pskuss,val,,21,157.5,2020-06-27_12-20-16_camera104/00021.jpg,other
2020-06-27_12-20-16_camera104,pskuss,val,,22,165.0,2020-06-27_12-20-16_camera104/00022.jpg,other
2020-06-27_12-20-16_camera104,pskuss,val,,23,172.5,2020-06-27_12-20-16_camera104/00023.jpg,other
2020-06-27_12-20-16_camera104,pskuss,val,,24,180.0,2020-06-27_12-20-16_camera104/00024.jpg,other
2020-06-27_12-20-16_camera104,pskuss,val,,25,187.5,2020-06-27_12-20-16_camera104/00025.jpg,other
2020-06-27_12-20-16_camera104,pskuss,val,,26,195.0,2020-06-27_12-20-16_camera104/00026.jpg,other
2020-06-27_12-20-16_camera104,pskuss,val,,27,202.5,2020-06-27_12-20-16_camera104/00027.jpg,other
2020-06-27_12-20-16_camera104,pskuss,val,,28,210.0,2020-06-27_12-20-16_camera104/00028.jpg,other
2020-06-27_12-20-16_camera104,pskuss,val,,29,217.5,2020-06-27_12-20-16_camera104/00029.jpg,other
2020-06-27_12-20-16_camera104,pskuss,val,,30,225.0,2020-06-27_12-20-16_camera104/00030.jpg,other
2020-06-27_12-20-16_camera104,pskuss,val,,31,232.5,2020-06-27_12-20-16_camera104/00031.jpg,other
2020-06-27_12-20-16_camera104,pskuss,val,,32,240.0,2020-06-27_12-20-16_camera104/00032.jpg,other
2020-06-27_12-20-16_camera104,pskuss,val,,33,247.5,2020-06-27_12-20-16_camera104/00033.jpg,other
2020-06-27_12-20-16_camera104,pskuss,val,,34,255.0,2020-06-27_12-20-16_camera104/00034.jpg,other
2020-06-27_12-20-16_camera104,pskuss,val,,35,262.5,2020-06-27_12-20-16_camera104/00035.jpg,other
2020-06-27_12-20-16_camera104,pskuss,val,,36,270.0,2020-06-27_12-20-16_camera104/00036.jpg,other
2020-06-27_12-20-16_camera104,pskuss,val,,37,277.5,2020-06-27_12-20-16_camera104/00037.jpg,other
2020-06-27_12-20-16_camera104,pskuss,val,,38,285.0,2020-06-27_12-20-16_camera104/00038.jpg,other
2020-06-27_12-20-16_camera104,pskuss,val,,39,292.5,2020-06-27_12-20-16_camera104/00039.jpg,other
2020-06-27_12-20-16_camera104,pskuss,val,,40,300.0,2020-06-27_12-20-16_camera104/00040.jpg,other
2020-06-27_12-20-16_camera104,pskuss,val,,41,307.5,2020-06-27_12-20-16_camera104/00041.jpg,other
2020-06-27_12-20-16_camera104,pskuss,val,,42,315.0,2020-06-27_12-20-16_camera104/00042.jpg,other
2020-06-27_12-20-16_camera104,pskuss,val,,43,322.5,2020-06-27_12-20-16_camera104/00043.jpg,other
2020-06-27_12-20-16_camera104,pskuss,val,,44,330.0,2020-06-27_12-20-16_camera104/00044.jpg,other
2020-06-27_12-20-16_camera104,pskuss,val,,45,337.5,2020-06-27_12-20-16_camera104/00045.jpg,other
2020-06-27_12-20-16_camera104,pskuss,val,,46,345.0,2020-06-27_12-20-16_camera104/00046.jpg,other
2020-06-27_12-20-16_camera104,pskuss,val,,47,352.5,2020-06-27_12-20-16_camera104/00047.jpg,other
2020-06-27_12-20-16_camera104,pskuss,val,,48,360.0,2020-06-27_12-20-16_camera104/00048.jpg,other
2020-06-27_12-20-16_camera104,pskuss,val,,49,367.5,2020-06-27_12-20-16_camera104/00049.jpg,other
2020-06-27_12-20-16_camera104,pskuss,val,,50,375.0,2020-06-27_12-20-16_camera104/00050.jpg,other
2020-06-27_12-20-16_camera104,pskuss,val,,51,382.5,2020-06-27_12-20-16_camera104/00051.jpg,other
2020-06-27_12-20-16_camera104,pskuss,val,,52,390.0,2020-06-27_12-20-16_camera104/00052.jpg,other
2020-06-27_12-20-16_camera104,pskuss,val,,53,397.5,2020-06-27_12-20-16_camera104/00053.jpg,other
2020-06-27_12-20-16_camera104,pskuss,val,,54,405.0,2020-06-27_12-20-16_camera104/00054.jpg,other
2020-06-27_12-20-16_camera104,pskuss,val,,55,412.5,2020-06-27_12-20-16_camera104/00055.jpg,other
2020-06-27_12-20-16_camera104,pskuss,val,,56,420.0,2020-06-27_12-20-16_camera104/00056.jpg,other
2020-06-27_12-20-16_camera104,pskuss,val,,57,427.5,2020-06-27_12-20-16_camera104/00057.jpg,other
2020-06-27_12-20-16_camera104,pskuss,val,,58,435.0,2020-06-27_12-20-16_camera104/00058.jpg,other
2020-06-27_12-20-16_camera104,pskuss,val,,59,442.5,2020-06-27_12-20-16_camera104/00059.jpg,other
2020-06-27_12-20-16_camera104,pskuss,val,,60,450.0,2020-06-27_12-20-16_camera104/00060.jpg,other
2020-06-27_12-20-16_camera104,pskuss,val,,61,457.5,2020-06-27_12-20-16_camera104/00061.jpg,other
2020-06-27_12-20-16_camera104,pskuss,val,,62,465.0,2020-06-27_12-20-16_camera104/00062.jpg,other
2020-06-27_12-20-16_camera104,pskuss,val,,63,472.5,2020-06-27_12-20-16_camera104/00063.jpg,other
2020-06-27_12-20-16_camera104,pskuss,val,,64,480.0,2020-06-27_12-20-16_camera104/00064.jpg,other
2020-06-27_12-20-16_camera104,pskuss,val,,65,487.5,2020-06-27_12-20-16_camera104/00065.jpg,other
2020-06-27_12-20-16_camera104,pskuss,val,,66,495.0,2020-06-27_12-20-16_camera104/00066.jpg,other
2020-06-27_12-20-16_camera104,pskuss,val,,67,502.5,2020-06-27_12-20-16_camera104/00067.jpg,other
2020-06-27_12-20-16_camera104,pskuss,val,,68,510.0,2020-06-27_12-20-16_camera104/00068.jpg,other
2020-06-27_12-20-16_camera104,pskuss,val,,69,517.5,2020-06-27_12-20-16_camera104/00069.jpg,other
2020-06-27_12-20-16_camera104,pskuss,val,,70,525.0,2020-06-27_12-20-16_camera104/00070.jpg,other
2020-06-27_12-20-16_camera104,pskuss,val,,71,532.5,2020-06-27_12-20-16_camera104/00071.jpg,other
2020-06-27_12-20-16_camera104,pskuss,val,,72,540.0,2020-06-27_12-20-16_camera104/00072.jpg,other
2020-06-27_12-20-16_camera104,pskuss,val,,73,547.5,2020-06-27_12-20-16_camera104/00073.jpg,other
2020-06-27_12-20-16_camera104,pskuss,val,,74,555.0,2020-06-27_12-20-16_camera104/00074.jpg,other
2020-06-27_12-20-16_camera104,pskuss,val,,75,562.5,2020-06-27_12-20-16_camera104/00075.jpg,other
2020-06-27_12-20-16_camera104,pskuss,val,,76,570.0,2020-06-27_12-20-16_camera104/00076.jpg,other
2020-06-27_12-20-16_camera104,pskuss,val,,77,577.5,2020-06-27_12-20-16_camera104/00077.jpg,other
2020-06-27_12-20-16_camera104,pskuss,val,,78,585.0,2020-06-27_12-20-16_camera104/00078.jpg,other
2020-06-27_12-20-16_camera104,pskuss,val,,79,592.5,2020-06-27_12-20-16_camera104/00079.jpg,other
2020-06-27_12-20-16_camera104,pskuss,val,,80,600.0,2020-06-27_12-20-16_camera104/00080.jpg,other
2020-06-27_12-20-16_camera104,pskuss,val,,81,607.5,2020-06-27_12-20-16_camera104/00081.jpg,other
2020-06-27_12-20-16_camera104,pskuss,val,,82,615.0,2020-06-27_12-20-16_camera104/00082.jpg,other
2020-06-27_12-20-16_camera104,pskuss,val,,83,622.5,2020-06-27_12-20-16_camera104/00083.jpg,other
2020-06-27_12-20-16_camera104,pskuss,val,,84,630.0,2020-06-27_12-20-16_camera104/00084.jpg,other
2020-06-27_12-20-16_camera104,pskuss,val,,85,637.5,2020-06-27_12-20-16_camera104/00085.jpg,other
2020-06-27_12-20-16_camera104,pskuss,val,,86,645.0,2020-06-27_12-20-16_camera104/00086.jpg,other
2020-06-27_12-20-16_camera104,pskuss,val,,87,652.5,2020-06-27_12-20-16_camera104/00087.jpg,other
2020-06-27_12-20-16_camera104,pskuss,val,,88,660.0,2020-06-27_12-20-16_camera104/00088.jpg,other
2020-06-27_12-20-16_camera104,pskuss,val,,89,667.5,2020-06-27_12-20-16_camera104/00089.jpg,other
2020-06-27_12-20-16_camera104,pskuss,val,,90,675.0,2020-06-27_12-20-16_camera104/00090.jpg,other
2020-06-27_12-20-16_camera104,pskuss,val,,91,682.5,2020-06-27_12-20-16_camera104/00091.jpg,other
2020-06-27_12-20-16_camera104,pskuss,val,,92,690.0,2020-06-27_12-20-16_camera104/00092.jpg,other
2020-06-27_12-20-16_camera104,pskuss,val,,93,697.5,2020-06-27_12-20-16_camera104/00093.jpg,other
2020-06-27_12-20-16_camera104,pskuss,val,,94,705.0,2020-06-27_12-20-16_camera104/00094.jpg,other
2020-06-27_12-20-16_camera104,pskuss,val,,95,712.5,2020-06-27_12-20-16_camera104/00095.jpg,other
2020-06-27_12-20-16_camera104,pskuss,val,,96,720.0,2020-06-27_12-20-16_camera104/00096.jpg,other
2020-06-27_12-20-16_camera104,pskuss,val,,97,727.5,2020-06-27_12-20-16_camera104/00097.jpg,other
2020-06-27_12-20-16_camera104,pskuss,val,,98,735.0,2020-06-27_12-20-16_camera104/00098.jpg,other
2020-06-27_12-20-16_camera104,pskuss,val,,99,742.5,2020-06-27_12-20-16_camera104/00099.jpg,other
2020-06-27_12-20-16_camera104,pskuss,val,,100,750.0,2020-06-27_12-20-16_camera104/00100.jpg,other
2020-06-27_12-20-16_camera104,pskuss,val,,101,757.5,2020-06-27_12-20-16_camera104/00101.jpg,other
2020-06-27_12-20-16_camera104,pskuss,val,,102,765.0,2020-06-27_12-20-16_camera104/00102.jpg,other
2020-06-27_12-20-16_camera104,pskuss,val,,103,772.5,2020-06-27_12-20-16_camera104/00103.jpg,other
2020-06-27_12-20-16_camera104,pskuss,val,,104,780.0,2020-06-27_12-20-16_camera104/00104.jpg,other
2020-06-27_12-20-16_camera104,pskuss,val,,105,787.5,2020-06-27_12-20-16_camera104/00105.jpg,other
2020-06-27_12-20-16_camera104,pskuss,val,,106,795.0,2020-06-27_12-20-16_camera104/00106.jpg,other
2020-06-27_12-20-16_camera104,pskuss,val,,107,802.5,2020-06-27_12-20-16_camera104/00107.jpg,other
2020-06-27_12-20-16_camera104,pskuss,val,,108,810.0,2020-06-27_12-20-16_camera104/00108.jpg,other
2020-06-27_12-20-16_camera104,pskuss,val,,109,817.5,2020-06-27_12-20-16_camera104/00109.jpg,other
2020-06-27_12-20-16_camera104,pskuss,val,,110,825.0,2020-06-27_12-20-16_camera104/00110.jpg,other
2020-06-27_12-20-16_camera104,pskuss,val,,111,832.5,2020-06-27_12-20-16_camera104/00111.jpg,other
2020-06-27_12-20-16_camera104,pskuss,val,,112,840.0,2020-06-27_12-20-16_camera104/00112.jpg,other
2020-06-27_12-20-16_camera104,pskuss,val,,113,847.5,2020-06-27_12-20-16_camera104/00113.jpg,other
2020-06-27_12-20-16_camera104,pskuss,val,,114,855.0,2020-06-27_12-20-16_camera104/00114.jpg,other
2020-06-27_12-20-16_camera104,pskuss,val,,115,862.5,2020-06-27_12-20-16_camera104/00115.jpg,other
2020-06-27_12-20-16_camera104,pskuss,val,,116,870.0,2020-06-27_12-20-16_camera104/00116.jpg,other
2020-06-27_12-20-16_camera104,pskuss,val,,117,877.5,2020-06-27_12-20-16_camera104/00117.jpg,other
2020-06-27_12-20-16_camera104,pskuss,val,,118,885.0,2020-06-27_12-20-16_camera104/00118.jpg,other
2020-06-27_12-20-16_camera104,pskuss,val,,119,892.5,2020-06-27_12-20-16_camera104/00119.jpg,other
2020-06-27_12-20-16_camera104,pskuss,val,,120,900.0,2020-06-27_12-20-16_camera104/00120.jpg,other
2020-06-27_12-20-16_camera104,pskuss,val,,121,907.5,2020-06-27_12-20-16_camera104/00121.jpg,other
2020-06-27_12-20-16_camera104,pskuss,val,,122,915.0,2020-06-27_12-20-16_camera104/00122.jpg,other
2020-06-27_12-20-16_camera104,pskuss,val,,123,922.5,2020-06-27_12-20-16_camera104/00123.jpg,other
2020-06-27_12-20-16_camera104,pskuss,val,,124,930.0,2020-06-27_12-20-16_camera104/00124.jpg,other
2020-06-27_12-20-16_camera104,pskuss,val,,125,937.5,2020-06-27_12-20-16_camera104/00125.jpg,other
2020-06-27_12-20-16_camera104,pskuss,val,,126,945.0,2020-06-27_12-20-16_camera104/00126.jpg,other
2020-06-27_12-20-16_camera104,pskuss,val,,127,952.5,2020-06-27_12-20-16_camera104/00127.jpg,other
2020-06-27_12-20-16_camera104,pskuss,val,,128,960.0,2020-06-27_12-20-16_camera104/00128.jpg,other
2020-06-27_12-20-16_camera104,pskuss,val,,129,967.5,2020-06-27_12-20-16_camera104/00129.jpg,other
2020-06-27_12-20-16_camera104,pskuss,val,,130,975.0,2020-06-27_12-20-16_camera104/00130.jpg,other
2020-06-27_12-20-16_camera104,pskuss,val,,131,982.5,2020-06-27_12-20-16_camera104/00131.jpg,other
2020-06-27_12-20-16_camera104,pskuss,val,,132,990.0,2020-06-27_12-20-16_camera104/00132.jpg,other
2020-06-27_12-20-16_camera104,pskuss,val,,133,997.5,2020-06-27_12-20-16_camera104/00133.jpg,other
2020-06-27_12-20-16_camera104,pskuss,val,,134,1005.0,2020-06-27_12-20-16_camera104/00134.jpg,other
2020-06-27_12-20-16_camera104,pskuss,val,,135,1012.5,2020-06-27_12-20-16_camera104/00135.jpg,other
2020-06-27_12-20-16_camera104,pskuss,val,,136,1020.0,2020-06-27_12-20-16_camera104/00136.jpg,other
2020-06-27_12-20-16_camera104,pskuss,val,,137,1027.5,2020-06-27_12-20-16_camera104/00137.jpg,other
2020-06-27_12-20-16_camera104,pskuss,val,,138,1035.0,2020-06-27_12-20-16_camera104/00138.jpg,other
2020-06-27_12-20-16_camera104,pskuss,val,,139,1042.5,2020-06-27_12-20-16_camera104/00139.jpg,other
2020-06-27_12-20-16_camera104,pskuss,val,,140,1050.0,2020-06-27_12-20-16_camera104/00140.jpg,other
2020-06-27_12-20-16_camera104,pskuss,val,,141,1057.5,2020-06-27_12-20-16_camera104/00141.jpg,other
2020-06-27_15-59-17_camera104,pskuss,val,,0,0.0,2020-06-27_15-59-17_camera104/00000.jpg,other
2020-06-27_15-59-17_camera104,pskuss,val,,1,7.5,2020-06-27_15-59-17_camera104/00001.jpg,other
2020-06-27_15-59-17_camera104,pskuss,val,,2,15.0,2020-06-27_15-59-17_camera104/00002.jpg,other
2020-06-27_15-59-17_camera104,pskuss,val,,3,22.5,2020-06-27_15-59-17_camera104/00003.jpg,other
2020-06-27_15-59-17_camera104,pskuss,val,,4,30.0,2020-06-27_15-59-17_camera104/00004.jpg,other
2020-06-27_15-59-17_camera104,pskuss,val,,5,37.5,2020-06-27_15-59-17_camera104/00005.jpg,other
2020-06-27_15-59-17_camera104,pskuss,val,,6,45.0,2020-06-27_15-59-17_camera104/00006.jpg,other
2020-06-27_15-59-17_camera104,pskuss,val,,7,52.5,2020-06-27_15-59-17_camera104/00007.jpg,other
2020-06-27_15-59-17_camera104,pskuss,val,,8,60.0,2020-06-27_15-59-17_camera104/00008.jpg,other
2020-06-27_15-59-17_camera104,pskuss,val,,9,67.5,2020-06-27_15-59-17_camera104/00009.jpg,other
2020-06-27_15-59-17_camera104,pskuss,val,,10,75.0,2020-06-27_15-59-17_camera104/00010.jpg,other
2020-06-27_15-59-17_camera104,pskuss,val,,11,82.5,2020-06-27_15-59-17_camera104/00011.jpg,other
2020-06-27_15-59-17_camera104,pskuss,val,,12,90.0,2020-06-27_15-59-17_camera104/00012.jpg,other
2020-06-27_15-59-17_camera104,pskuss,val,,13,97.5,2020-06-27_15-59-17_camera104/00013.jpg,other
2020-06-27_15-59-17_camera104,pskuss,val,,14,105.0,2020-06-27_15-59-17_camera104/00014.jpg,other
2020-06-27_15-59-17_camera104,pskuss,val,,15,112.5,2020-06-27_15-59-17_camera104/00015.jpg,other
2020-06-27_15-59-17_camera104,pskuss,val,,16,120.0,2020-06-27_15-59-17_camera104/00016.jpg,other
2020-06-27_15-59-17_camera104,pskuss,val,,17,127.5,2020-06-27_15-59-17_camera104/00017.jpg,other
2020-06-27_15-59-17_camera104,pskuss,val,,18,135.0,2020-06-27_15-59-17_camera104/00018.jpg,other
2020-06-27_15-59-17_camera104,pskuss,val,,19,142.5,2020-06-27_15-59-17_camera104/00019.jpg,other
2020-06-27_15-59-17_camera104,pskuss,val,,20,150.0,2020-06-27_15-59-17_camera104/00020.jpg,other
2020-06-27_15-59-17_camera104,pskuss,val,,21,157.5,2020-06-27_15-59-17_camera104/00021.jpg,other
2020-06-27_15-59-17_camera104,pskuss,val,,22,165.0,2020-06-27_15-59-17_camera104/00022.jpg,other
2020-06-27_15-59-17_camera104,pskuss,val,,23,172.5,2020-06-27_15-59-17_camera104/00023.jpg,other
2020-06-27_15-59-17_camera104,pskuss,val,,24,180.0,2020-06-27_15-59-17_camera104/00024.jpg,other
2020-06-27_15-59-17_camera104,pskuss,val,,25,187.5,2020-06-27_15-59-17_camera104/00025.jpg,other
2020-06-27_15-59-17_camera104,pskuss,val,,26,195.0,2020-06-27_15-59-17_camera104/00026.jpg,other
2020-06-27_15-59-17_camera104,pskuss,val,,27,202.5,2020-06-27_15-59-17_camera104/00027.jpg,other
2020-06-27_15-59-17_camera104,pskuss,val,,28,210.0,2020-06-27_15-59-17_camera104/00028.jpg,other
2020-06-27_15-59-17_camera104,pskuss,val,,29,217.5,2020-06-27_15-59-17_camera104/00029.jpg,other
2020-06-27_15-59-17_camera104,pskuss,val,,30,225.0,2020-06-27_15-59-17_camera104/00030.jpg,other
2020-06-27_15-59-17_camera104,pskuss,val,,31,232.5,2020-06-27_15-59-17_camera104/00031.jpg,other
2020-06-27_15-59-17_camera104,pskuss,val,,32,240.0,2020-06-27_15-59-17_camera104/00032.jpg,other
2020-06-27_15-59-17_camera104,pskuss,val,,33,247.5,2020-06-27_15-59-17_camera104/00033.jpg,other
2020-06-27_15-59-17_camera104,pskuss,val,,34,255.0,2020-06-27_15-59-17_camera104/00034.jpg,other
2020-06-27_15-59-17_camera104,pskuss,val,,35,262.5,2020-06-27_15-59-17_camera104/00035.jpg,other
2020-06-27_15-59-17_camera104,pskuss,val,,36,270.0,2020-06-27_15-59-17_camera104/00036.jpg,other
2020-06-27_15-59-17_camera104,pskuss,val,,37,277.5,2020-06-27_15-59-17_camera104/00037.jpg,other
2020-06-27_15-59-17_camera104,pskuss,val,,38,285.0,2020-06-27_15-59-17_camera104/00038.jpg,other
2020-06-27_15-59-17_camera104,pskuss,val,,39,292.5,2020-06-27_15-59-17_camera104/00039.jpg,other
2020-06-27_15-59-17_camera104,pskuss,val,,40,300.0,2020-06-27_15-59-17_camera104/00040.jpg,other
2020-06-27_15-59-17_camera104,pskuss,val,,41,307.5,2020-06-27_15-59-17_camera104/00041.jpg,other
2020-06-27_15-59-17_camera104,pskuss,val,,42,315.0,2020-06-27_15-59-17_camera104/00042.jpg,other
2020-06-27_15-59-17_camera104,pskuss,val,,43,322.5,2020-06-27_15-59-17_camera104/00043.jpg,other
2020-06-27_15-59-17_camera104,pskuss,val,,44,330.0,2020-06-27_15-59-17_camera104/00044.jpg,other
2020-06-27_15-59-17_camera104,pskuss,val,,45,337.5,2020-06-27_15-59-17_camera104/00045.jpg,other
2020-06-27_15-59-17_camera104,pskuss,val,,46,345.0,2020-06-27_15-59-17_camera104/00046.jpg,other
2020-06-27_15-59-17_camera104,pskuss,val,,47,352.5,2020-06-27_15-59-17_camera104/00047.jpg,other
2020-06-27_15-59-17_camera104,pskuss,val,,48,360.0,2020-06-27_15-59-17_camera104/00048.jpg,other
2020-06-27_15-59-17_camera104,pskuss,val,,49,367.5,2020-06-27_15-59-17_camera104/00049.jpg,other
2020-06-27_22-21-50_camera104,pskuss,val,,0,0.0,2020-06-27_22-21-50_camera104/00000.jpg,other
2020-06-27_22-21-50_camera104,pskuss,val,,1,7.5,2020-06-27_22-21-50_camera104/00001.jpg,other
2020-06-27_22-21-50_camera104,pskuss,val,,2,15.0,2020-06-27_22-21-50_camera104/00002.jpg,other
2020-06-27_22-21-50_camera104,pskuss,val,,3,22.5,2020-06-27_22-21-50_camera104/00003.jpg,other
2020-06-27_22-21-50_camera104,pskuss,val,,4,30.0,2020-06-27_22-21-50_camera104/00004.jpg,other
2020-06-27_22-21-50_camera104,pskuss,val,,5,37.5,2020-06-27_22-21-50_camera104/00005.jpg,other
2020-06-27_22-21-50_camera104,pskuss,val,,6,45.0,2020-06-27_22-21-50_camera104/00006.jpg,other
2020-06-27_22-21-50_camera104,pskuss,val,,7,52.5,2020-06-27_22-21-50_camera104/00007.jpg,other
2020-06-27_22-21-50_camera104,pskuss,val,,8,60.0,2020-06-27_22-21-50_camera104/00008.jpg,other
2020-06-27_22-21-50_camera104,pskuss,val,,9,67.5,2020-06-27_22-21-50_camera104/00009.jpg,other
2020-06-27_22-21-50_camera104,pskuss,val,,10,75.0,2020-06-27_22-21-50_camera104/00010.jpg,other
2020-06-27_22-21-50_camera104,pskuss,val,,11,82.5,2020-06-27_22-21-50_camera104/00011.jpg,other
2020-06-27_22-21-50_camera104,pskuss,val,,12,90.0,2020-06-27_22-21-50_camera104/00012.jpg,other
2020-06-27_22-21-50_camera104,pskuss,val,,13,97.5,2020-06-27_22-21-50_camera104/00013.jpg,other
2020-06-27_22-21-50_camera104,pskuss,val,,14,105.0,2020-06-27_22-21-50_camera104/00014.jpg,other
2020-06-27_22-21-50_camera104,pskuss,val,,15,112.5,2020-06-27_22-21-50_camera104/00015.jpg,other
2020-06-27_22-21-50_camera104,pskuss,val,,16,120.0,2020-06-27_22-21-50_camera104/00016.jpg,other
2020-06-27_22-21-50_camera104,pskuss,val,,17,127.5,2020-06-27_22-21-50_camera104/00017.jpg,other
2020-06-27_22-21-50_camera104,pskuss,val,,18,135.0,2020-06-27_22-21-50_camera104/00018.jpg,other
2020-06-27_22-21-50_camera104,pskuss,val,,19,142.5,2020-06-27_22-21-50_camera104/00019.jpg,other
2020-06-27_22-21-50_camera104,pskuss,val,,20,150.0,2020-06-27_22-21-50_camera104/00020.jpg,other
2020-06-27_22-21-50_camera104,pskuss,val,,21,157.5,2020-06-27_22-21-50_camera104/00021.jpg,other
2020-06-27_22-21-50_camera104,pskuss,val,,22,165.0,2020-06-27_22-21-50_camera104/00022.jpg,other
2020-06-27_22-21-50_camera104,pskuss,val,,23,172.5,2020-06-27_22-21-50_camera104/00023.jpg,other
2020-06-27_22-21-50_camera104,pskuss,val,,24,180.0,2020-06-27_22-21-50_camera104/00024.jpg,other
2020-06-27_22-21-50_camera104,pskuss,val,,25,187.5,2020-06-27_22-21-50_camera104/00025.jpg,other
2020-06-27_22-21-50_camera104,pskuss,val,,26,195.0,2020-06-27_22-21-50_camera104/00026.jpg,other
2020-06-27_22-21-50_camera104,pskuss,val,,27,202.5,2020-06-27_22-21-50_camera104/00027.jpg,other
2020-06-27_22-21-50_camera104,pskuss,val,,28,210.0,2020-06-27_22-21-50_camera104/00028.jpg,other
2020-06-27_22-21-50_camera104,pskuss,val,,29,217.5,2020-06-27_22-21-50_camera104/00029.jpg,other
2020-06-27_22-21-50_camera104,pskuss,val,,30,225.0,2020-06-27_22-21-50_camera104/00030.jpg,other
2020-06-27_22-21-50_camera104,pskuss,val,,31,232.5,2020-06-27_22-21-50_camera104/00031.jpg,other
2020-06-27_22-21-50_camera104,pskuss,val,,32,240.0,2020-06-27_22-21-50_camera104/00032.jpg,other
2020-06-27_22-21-50_camera104,pskuss,val,,33,247.5,2020-06-27_22-21-50_camera104/00033.jpg,other
2020-06-27_22-21-50_camera104,pskuss,val,,34,255.0,2020-06-27_22-21-50_camera104/00034.jpg,other
2020-06-27_22-21-50_camera104,pskuss,val,,35,262.5,2020-06-27_22-21-50_camera104/00035.jpg,other
2020-06-27_22-21-50_camera104,pskuss,val,,36,270.0,2020-06-27_22-21-50_camera104/00036.jpg,other
2020-06-27_22-21-50_camera104,pskuss,val,,37,277.5,2020-06-27_22-21-50_camera104/00037.jpg,other
2020-06-27_22-21-50_camera104,pskuss,val,,38,285.0,2020-06-27_22-21-50_camera104/00038.jpg,other
2020-06-27_22-51-30_camera104,pskuss,val,,0,0.0,2020-06-27_22-51-30_camera104/00000.jpg,other
2020-06-27_22-51-30_camera104,pskuss,val,,1,7.5,2020-06-27_22-51-30_camera104/00001.jpg,other
2020-06-27_22-51-30_camera104,pskuss,val,,2,15.0,2020-06-27_22-51-30_camera104/00002.jpg,other
2020-06-27_22-51-30_camera104,pskuss,val,,3,22.5,2020-06-27_22-51-30_camera104/00003.jpg,other
2020-06-27_22-51-30_camera104,pskuss,val,,4,30.0,2020-06-27_22-51-30_camera104/00004.jpg,other
2020-06-27_22-51-30_camera104,pskuss,val,,5,37.5,2020-06-27_22-51-30_camera104/00005.jpg,other
2020-06-27_22-51-30_camera104,pskuss,val,,6,45.0,2020-06-27_22-51-30_camera104/00006.jpg,other
2020-06-27_22-51-30_camera104,pskuss,val,,7,52.5,2020-06-27_22-51-30_camera104/00007.jpg,other
2020-06-27_22-51-30_camera104,pskuss,val,,8,60.0,2020-06-27_22-51-30_camera104/00008.jpg,other
2020-06-27_22-51-30_camera104,pskuss,val,,9,67.5,2020-06-27_22-51-30_camera104/00009.jpg,other
2020-06-27_22-51-30_camera104,pskuss,val,,10,75.0,2020-06-27_22-51-30_camera104/00010.jpg,other
2020-06-27_22-51-30_camera104,pskuss,val,,11,82.5,2020-06-27_22-51-30_camera104/00011.jpg,other
2020-06-27_22-51-30_camera104,pskuss,val,,12,90.0,2020-06-27_22-51-30_camera104/00012.jpg,other
2020-06-27_22-51-30_camera104,pskuss,val,,13,97.5,2020-06-27_22-51-30_camera104/00013.jpg,other
2020-06-27_22-51-30_camera104,pskuss,val,,14,105.0,2020-06-27_22-51-30_camera104/00014.jpg,other
2020-06-27_22-51-30_camera104,pskuss,val,,15,112.5,2020-06-27_22-51-30_camera104/00015.jpg,other
2020-06-27_22-51-30_camera104,pskuss,val,,16,120.0,2020-06-27_22-51-30_camera104/00016.jpg,other
2020-06-27_22-51-30_camera104,pskuss,val,,17,127.5,2020-06-27_22-51-30_camera104/00017.jpg,other
2020-06-27_22-51-30_camera104,pskuss,val,,18,135.0,2020-06-27_22-51-30_camera104/00018.jpg,other
2020-06-27_22-51-30_camera104,pskuss,val,,19,142.5,2020-06-27_22-51-30_camera104/00019.jpg,other
2020-06-27_22-51-30_camera104,pskuss,val,,20,150.0,2020-06-27_22-51-30_camera104/00020.jpg,other
2020-06-27_22-51-30_camera104,pskuss,val,,21,157.5,2020-06-27_22-51-30_camera104/00021.jpg,other
2020-06-27_22-51-30_camera104,pskuss,val,,22,165.0,2020-06-27_22-51-30_camera104/00022.jpg,other
2020-06-27_22-51-30_camera104,pskuss,val,,23,172.5,2020-06-27_22-51-30_camera104/00023.jpg,other
2020-06-27_22-51-30_camera104,pskuss,val,,24,180.0,2020-06-27_22-51-30_camera104/00024.jpg,other
2020-06-27_22-51-30_camera104,pskuss,val,,25,187.5,2020-06-27_22-51-30_camera104/00025.jpg,other
2020-06-27_22-51-30_camera104,pskuss,val,,26,195.0,2020-06-27_22-51-30_camera104/00026.jpg,other
2020-06-27_22-51-30_camera104,pskuss,val,,27,202.5,2020-06-27_22-51-30_camera104/00027.jpg,other
2020-06-27_22-51-30_camera104,pskuss,val,,28,210.0,2020-06-27_22-51-30_camera104/00028.jpg,other
2020-06-27_22-51-30_camera104,pskuss,val,,29,217.5,2020-06-27_22-51-30_camera104/00029.jpg,other
2020-06-27_22-51-30_camera104,pskuss,val,,30,225.0,2020-06-27_22-51-30_camera104/00030.jpg,other
2020-06-27_22-51-30_camera104,pskuss,val,,31,232.5,2020-06-27_22-51-30_camera104/00031.jpg,other
2020-06-27_22-51-30_camera104,pskuss,val,,32,240.0,2020-06-27_22-51-30_camera104/00032.jpg,other
2020-06-27_22-51-30_camera104,pskuss,val,,33,247.5,2020-06-27_22-51-30_camera104/00033.jpg,other
2020-06-27_22-51-30_camera104,pskuss,val,,34,255.0,2020-06-27_22-51-30_camera104/00034.jpg,other
2020-06-27_22-51-30_camera104,pskuss,val,,35,262.5,2020-06-27_22-51-30_camera104/00035.jpg,other
2020-06-27_22-51-30_camera104,pskuss,val,,36,270.0,2020-06-27_22-51-30_camera104/00036.jpg,other
2020-06-27_22-51-30_camera104,pskuss,val,,37,277.5,2020-06-27_22-51-30_camera104/00037.jpg,other
2020-06-27_22-51-30_camera104,pskuss,val,,38,285.0,2020-06-27_22-51-30_camera104/00038.jpg,other
2020-06-27_22-51-30_camera104,pskuss,val,,39,292.5,2020-06-27_22-51-30_camera104/00039.jpg,other
2020-06-27_22-51-30_camera104,pskuss,val,,40,300.0,2020-06-27_22-51-30_camera104/00040.jpg,other
2020-06-27_22-51-30_camera104,pskuss,val,,41,307.5,2020-06-27_22-51-30_camera104/00041.jpg,other
2020-06-27_22-51-30_camera104,pskuss,val,,42,315.0,2020-06-27_22-51-30_camera104/00042.jpg,other
2020-06-27_22-51-30_camera104,pskuss,val,,43,322.5,2020-06-27_22-51-30_camera104/00043.jpg,other
2020-06-27_22-51-30_camera104,pskuss,val,,44,330.0,2020-06-27_22-51-30_camera104/00044.jpg,other
2020-06-27_22-51-30_camera104,pskuss,val,,45,337.5,2020-06-27_22-51-30_camera104/00045.jpg,other
2020-06-27_22-51-30_camera104,pskuss,val,,46,345.0,2020-06-27_22-51-30_camera104/00046.jpg,other
2020-06-28_07-41-40_camera104,pskuss,val,,0,0.0,2020-06-28_07-41-40_camera104/00000.jpg,other
2020-06-28_07-41-40_camera104,pskuss,val,,1,7.5,2020-06-28_07-41-40_camera104/00001.jpg,other
2020-06-28_07-41-40_camera104,pskuss,val,,2,15.0,2020-06-28_07-41-40_camera104/00002.jpg,other
2020-06-28_07-41-40_camera104,pskuss,val,,3,22.5,2020-06-28_07-41-40_camera104/00003.jpg,other
2020-06-28_07-41-40_camera104,pskuss,val,,4,30.0,2020-06-28_07-41-40_camera104/00004.jpg,other
2020-06-28_07-41-40_camera104,pskuss,val,,5,37.5,2020-06-28_07-41-40_camera104/00005.jpg,other
2020-06-28_07-41-40_camera104,pskuss,val,,6,45.0,2020-06-28_07-41-40_camera104/00006.jpg,other
2020-06-28_07-41-40_camera104,pskuss,val,,7,52.5,2020-06-28_07-41-40_camera104/00007.jpg,other
2020-06-28_07-41-40_camera104,pskuss,val,,8,60.0,2020-06-28_07-41-40_camera104/00008.jpg,other
2020-06-28_07-41-40_camera104,pskuss,val,,9,67.5,2020-06-28_07-41-40_camera104/00009.jpg,other
2020-06-28_07-41-40_camera104,pskuss,val,,10,75.0,2020-06-28_07-41-40_camera104/00010.jpg,other
2020-06-28_07-41-40_camera104,pskuss,val,,11,82.5,2020-06-28_07-41-40_camera104/00011.jpg,other
2020-06-28_07-41-40_camera104,pskuss,val,,12,90.0,2020-06-28_07-41-40_camera104/00012.jpg,other
2020-06-28_07-41-40_camera104,pskuss,val,,13,97.5,2020-06-28_07-41-40_camera104/00013.jpg,other
2020-06-28_07-41-40_camera104,pskuss,val,,14,105.0,2020-06-28_07-41-40_camera104/00014.jpg,other
2020-06-28_07-41-40_camera104,pskuss,val,,15,112.5,2020-06-28_07-41-40_camera104/00015.jpg,other
2020-06-28_07-41-40_camera104,pskuss,val,,16,120.0,2020-06-28_07-41-40_camera104/00016.jpg,other
2020-06-28_07-41-40_camera104,pskuss,val,,17,127.5,2020-06-28_07-41-40_camera104/00017.jpg,other
2020-06-28_07-41-40_camera104,pskuss,val,,18,135.0,2020-06-28_07-41-40_camera104/00018.jpg,other
2020-06-28_07-41-40_camera104,pskuss,val,,19,142.5,2020-06-28_07-41-40_camera104/00019.jpg,other
2020-06-28_07-41-40_camera104,pskuss,val,,20,150.0,2020-06-28_07-41-40_camera104/00020.jpg,other
2020-06-28_07-41-40_camera104,pskuss,val,,21,157.5,2020-06-28_07-41-40_camera104/00021.jpg,other
2020-06-28_07-41-40_camera104,pskuss,val,,22,165.0,2020-06-28_07-41-40_camera104/00022.jpg,other
2020-06-28_07-41-40_camera104,pskuss,val,,23,172.5,2020-06-28_07-41-40_camera104/00023.jpg,other
2020-06-28_07-41-40_camera104,pskuss,val,,24,180.0,2020-06-28_07-41-40_camera104/00024.jpg,other
2020-06-28_07-41-40_camera104,pskuss,val,,25,187.5,2020-06-28_07-41-40_camera104/00025.jpg,other
2020-06-28_07-41-40_camera104,pskuss,val,,26,195.0,2020-06-28_07-41-40_camera104/00026.jpg,other
2020-06-28_07-41-40_camera104,pskuss,val,,27,202.5,2020-06-28_07-41-40_camera104/00027.jpg,other
2020-06-28_07-41-40_camera104,pskuss,val,,28,210.0,2020-06-28_07-41-40_camera104/00028.jpg,other
2020-06-28_07-41-40_camera104,pskuss,val,,29,217.5,2020-06-28_07-41-40_camera104/00029.jpg,other
2020-06-28_07-41-40_camera104,pskuss,val,,30,225.0,2020-06-28_07-41-40_camera104/00030.jpg,other
2020-06-28_07-41-40_camera104,pskuss,val,,31,232.5,2020-06-28_07-41-40_camera104/00031.jpg,other
2020-06-28_07-41-40_camera104,pskuss,val,,32,240.0,2020-06-28_07-41-40_camera104/00032.jpg,other
2020-06-28_07-41-40_camera104,pskuss,val,,33,247.5,2020-06-28_07-41-40_camera104/00033.jpg,other
2020-06-28_07-41-40_camera104,pskuss,val,,34,255.0,2020-06-28_07-41-40_camera104/00034.jpg,other
2020-06-28_07-41-40_camera104,pskuss,val,,35,262.5,2020-06-28_07-41-40_camera104/00035.jpg,other
2020-06-28_07-41-40_camera104,pskuss,val,,36,270.0,2020-06-28_07-41-40_camera104/00036.jpg,other
2020-06-28_07-41-40_camera104,pskuss,val,,37,277.5,2020-06-28_07-41-40_camera104/00037.jpg,other
2020-06-28_07-41-40_camera104,pskuss,val,,38,285.0,2020-06-28_07-41-40_camera104/00038.jpg,other
2020-06-28_07-41-40_camera104,pskuss,val,,39,292.5,2020-06-28_07-41-40_camera104/00039.jpg,other
2020-06-28_07-41-40_camera104,pskuss,val,,40,300.0,2020-06-28_07-41-40_camera104/00040.jpg,other
2020-06-28_07-41-40_camera104,pskuss,val,,41,307.5,2020-06-28_07-41-40_camera104/00041.jpg,other
2020-06-28_07-41-40_camera104,pskuss,val,,42,315.0,2020-06-28_07-41-40_camera104/00042.jpg,other
2020-06-28_07-41-40_camera104,pskuss,val,,43,322.5,2020-06-28_07-41-40_camera104/00043.jpg,other
2020-06-28_07-41-40_camera104,pskuss,val,,44,330.0,2020-06-28_07-41-40_camera104/00044.jpg,other
2020-06-28_07-41-40_camera104,pskuss,val,,45,337.5,2020-06-28_07-41-40_camera104/00045.jpg,other
2020-06-28_07-41-40_camera104,pskuss,val,,46,345.0,2020-06-28_07-41-40_camera104/00046.jpg,other
2020-06-28_07-41-40_camera104,pskuss,val,,47,352.5,2020-06-28_07-41-40_camera104/00047.jpg,other
2020-06-28_07-41-40_camera104,pskuss,val,,48,360.0,2020-06-28_07-41-40_camera104/00048.jpg,other
2020-06-28_07-41-40_camera104,pskuss,val,,49,367.5,2020-06-28_07-41-40_camera104/00049.jpg,other
2020-06-28_07-41-40_camera104,pskuss,val,,50,375.0,2020-06-28_07-41-40_camera104/00050.jpg,other
2020-06-28_07-41-40_camera104,pskuss,val,,51,382.5,2020-06-28_07-41-40_camera104/00051.jpg,other
2020-06-28_07-41-40_camera104,pskuss,val,,52,390.0,2020-06-28_07-41-40_camera104/00052.jpg,other
2020-06-28_07-41-40_camera104,pskuss,val,,53,397.5,2020-06-28_07-41-40_camera104/00053.jpg,other
2020-06-28_07-41-40_camera104,pskuss,val,,54,405.0,2020-06-28_07-41-40_camera104/00054.jpg,other
2020-06-28_07-41-40_camera104,pskuss,val,,55,412.5,2020-06-28_07-41-40_camera104/00055.jpg,other
2020-06-28_07-41-40_camera104,pskuss,val,,56,420.0,2020-06-28_07-41-40_camera104/00056.jpg,other
2020-06-28_07-41-40_camera104,pskuss,val,,57,427.5,2020-06-28_07-41-40_camera104/00057.jpg,other
2020-06-28_07-41-40_camera104,pskuss,val,,58,435.0,2020-06-28_07-41-40_camera104/00058.jpg,other
2020-06-28_07-41-40_camera104,pskuss,val,,59,442.5,2020-06-28_07-41-40_camera104/00059.jpg,other
2020-06-28_07-41-40_camera104,pskuss,val,,60,450.0,2020-06-28_07-41-40_camera104/00060.jpg,other
2020-06-28_07-41-40_camera104,pskuss,val,,61,457.5,2020-06-28_07-41-40_camera104/00061.jpg,other
2020-06-28_07-41-40_camera104,pskuss,val,,62,465.0,2020-06-28_07-41-40_camera104/00062.jpg,other
2020-06-28_07-41-40_camera104,pskuss,val,,63,472.5,2020-06-28_07-41-40_camera104/00063.jpg,other
2020-06-28_07-41-40_camera104,pskuss,val,,64,480.0,2020-06-28_07-41-40_camera104/00064.jpg,other
2020-06-28_07-41-40_camera104,pskuss,val,,65,487.5,2020-06-28_07-41-40_camera104/00065.jpg,other
2020-06-28_07-41-40_camera104,pskuss,val,,66,495.0,2020-06-28_07-41-40_camera104/00066.jpg,other
2020-06-28_07-41-40_camera104,pskuss,val,,67,502.5,2020-06-28_07-41-40_camera104/00067.jpg,other
2020-06-28_12-16-28_camera104,pskuss,val,,0,0.0,2020-06-28_12-16-28_camera104/00000.jpg,other
2020-06-28_12-16-28_camera104,pskuss,val,,1,7.5,2020-06-28_12-16-28_camera104/00001.jpg,other
2020-06-28_12-16-28_camera104,pskuss,val,,2,15.0,2020-06-28_12-16-28_camera104/00002.jpg,other
2020-06-28_12-16-28_camera104,pskuss,val,,3,22.5,2020-06-28_12-16-28_camera104/00003.jpg,other
2020-06-28_12-16-28_camera104,pskuss,val,,4,30.0,2020-06-28_12-16-28_camera104/00004.jpg,other
2020-06-28_12-16-28_camera104,pskuss,val,,5,37.5,2020-06-28_12-16-28_camera104/00005.jpg,other
2020-06-28_12-16-28_camera104,pskuss,val,,6,45.0,2020-06-28_12-16-28_camera104/00006.jpg,other
2020-06-28_12-16-28_camera104,pskuss,val,,7,52.5,2020-06-28_12-16-28_camera104/00007.jpg,other
2020-06-28_12-16-28_camera104,pskuss,val,,8,60.0,2020-06-28_12-16-28_camera104/00008.jpg,other
2020-06-28_12-16-28_camera104,pskuss,val,,9,67.5,2020-06-28_12-16-28_camera104/00009.jpg,other
2020-06-28_12-16-28_camera104,pskuss,val,,10,75.0,2020-06-28_12-16-28_camera104/00010.jpg,other
2020-06-28_12-16-28_camera104,pskuss,val,,11,82.5,2020-06-28_12-16-28_camera104/00011.jpg,other
2020-06-28_12-16-28_camera104,pskuss,val,,12,90.0,2020-06-28_12-16-28_camera104/00012.jpg,other
2020-06-28_12-16-28_camera104,pskuss,val,,13,97.5,2020-06-28_12-16-28_camera104/00013.jpg,other
2020-06-28_12-16-28_camera104,pskuss,val,,14,105.0,2020-06-28_12-16-28_camera104/00014.jpg,other
2020-06-28_12-16-28_camera104,pskuss,val,,15,112.5,2020-06-28_12-16-28_camera104/00015.jpg,other
2020-06-28_12-16-28_camera104,pskuss,val,,16,120.0,2020-06-28_12-16-28_camera104/00016.jpg,other
2020-06-28_12-16-28_camera104,pskuss,val,,17,127.5,2020-06-28_12-16-28_camera104/00017.jpg,other
2020-06-28_12-16-28_camera104,pskuss,val,,18,135.0,2020-06-28_12-16-28_camera104/00018.jpg,other
2020-06-28_12-16-28_camera104,pskuss,val,,19,142.5,2020-06-28_12-16-28_camera104/00019.jpg,other
2020-06-28_12-16-28_camera104,pskuss,val,,20,150.0,2020-06-28_12-16-28_camera104/00020.jpg,other
2020-06-28_12-16-28_camera104,pskuss,val,,21,157.5,2020-06-28_12-16-28_camera104/00021.jpg,other
2020-06-28_12-16-28_camera104,pskuss,val,,22,165.0,2020-06-28_12-16-28_camera104/00022.jpg,other
2020-06-28_12-16-28_camera104,pskuss,val,,23,172.5,2020-06-28_12-16-28_camera104/00023.jpg,other
2020-06-28_12-16-28_camera104,pskuss,val,,24,180.0,2020-06-28_12-16-28_camera104/00024.jpg,other
2020-06-28_12-16-28_camera104,pskuss,val,,25,187.5,2020-06-28_12-16-28_camera104/00025.jpg,other
2020-06-28_12-16-28_camera104,pskuss,val,,26,195.0,2020-06-28_12-16-28_camera104/00026.jpg,other
2020-06-28_12-16-28_camera104,pskuss,val,,27,202.5,2020-06-28_12-16-28_camera104/00027.jpg,other
2020-06-28_12-16-28_camera104,pskuss,val,,28,210.0,2020-06-28_12-16-28_camera104/00028.jpg,other
2020-06-28_12-16-28_camera104,pskuss,val,,29,217.5,2020-06-28_12-16-28_camera104/00029.jpg,other
2020-06-28_12-16-28_camera104,pskuss,val,,30,225.0,2020-06-28_12-16-28_camera104/00030.jpg,other
2020-06-28_12-16-28_camera104,pskuss,val,,31,232.5,2020-06-28_12-16-28_camera104/00031.jpg,other
2020-06-28_12-16-28_camera104,pskuss,val,,32,240.0,2020-06-28_12-16-28_camera104/00032.jpg,other
2020-06-28_12-16-28_camera104,pskuss,val,,33,247.5,2020-06-28_12-16-28_camera104/00033.jpg,other
2020-06-28_12-16-28_camera104,pskuss,val,,34,255.0,2020-06-28_12-16-28_camera104/00034.jpg,other
2020-06-28_12-16-28_camera104,pskuss,val,,35,262.5,2020-06-28_12-16-28_camera104/00035.jpg,other
2020-06-28_12-16-28_camera104,pskuss,val,,36,270.0,2020-06-28_12-16-28_camera104/00036.jpg,other
2020-06-28_12-16-28_camera104,pskuss,val,,37,277.5,2020-06-28_12-16-28_camera104/00037.jpg,other
2020-06-28_12-16-28_camera104,pskuss,val,,38,285.0,2020-06-28_12-16-28_camera104/00038.jpg,other
2020-06-28_12-16-28_camera104,pskuss,val,,39,292.5,2020-06-28_12-16-28_camera104/00039.jpg,other
2020-06-28_12-16-28_camera104,pskuss,val,,40,300.0,2020-06-28_12-16-28_camera104/00040.jpg,other
2020-06-28_12-16-28_camera104,pskuss,val,,41,307.5,2020-06-28_12-16-28_camera104/00041.jpg,other
2020-06-28_12-16-28_camera104,pskuss,val,,42,315.0,2020-06-28_12-16-28_camera104/00042.jpg,other
2020-06-28_12-16-28_camera104,pskuss,val,,43,322.5,2020-06-28_12-16-28_camera104/00043.jpg,other
2020-06-28_12-16-28_camera104,pskuss,val,,44,330.0,2020-06-28_12-16-28_camera104/00044.jpg,other
2020-06-28_12-16-28_camera104,pskuss,val,,45,337.5,2020-06-28_12-16-28_camera104/00045.jpg,other
2020-06-28_12-16-28_camera104,pskuss,val,,46,345.0,2020-06-28_12-16-28_camera104/00046.jpg,other
2020-06-28_12-16-28_camera104,pskuss,val,,47,352.5,2020-06-28_12-16-28_camera104/00047.jpg,other
2020-06-28_12-16-28_camera104,pskuss,val,,48,360.0,2020-06-28_12-16-28_camera104/00048.jpg,other
2020-06-28_12-16-28_camera104,pskuss,val,,49,367.5,2020-06-28_12-16-28_camera104/00049.jpg,other
2020-06-28_12-16-28_camera104,pskuss,val,,50,375.0,2020-06-28_12-16-28_camera104/00050.jpg,other
2020-06-28_12-16-28_camera104,pskuss,val,,51,382.5,2020-06-28_12-16-28_camera104/00051.jpg,other
2020-06-28_12-16-28_camera104,pskuss,val,,52,390.0,2020-06-28_12-16-28_camera104/00052.jpg,other
2020-06-28_12-16-28_camera104,pskuss,val,,53,397.5,2020-06-28_12-16-28_camera104/00053.jpg,other
2020-06-28_12-16-28_camera104,pskuss,val,,54,405.0,2020-06-28_12-16-28_camera104/00054.jpg,other
2020-06-28_12-16-28_camera104,pskuss,val,,55,412.5,2020-06-28_12-16-28_camera104/00055.jpg,other
2020-06-28_12-16-28_camera104,pskuss,val,,56,420.0,2020-06-28_12-16-28_camera104/00056.jpg,other
2020-06-28_12-16-28_camera104,pskuss,val,,57,427.5,2020-06-28_12-16-28_camera104/00057.jpg,other
2020-06-28_12-16-28_camera104,pskuss,val,,58,435.0,2020-06-28_12-16-28_camera104/00058.jpg,other
2020-06-28_12-16-28_camera104,pskuss,val,,59,442.5,2020-06-28_12-16-28_camera104/00059.jpg,other
2020-06-28_12-16-28_camera104,pskuss,val,,60,450.0,2020-06-28_12-16-28_camera104/00060.jpg,other
2020-06-28_12-16-28_camera104,pskuss,val,,61,457.5,2020-06-28_12-16-28_camera104/00061.jpg,other
2020-06-28_12-16-28_camera104,pskuss,val,,62,465.0,2020-06-28_12-16-28_camera104/00062.jpg,other
2020-06-28_12-16-28_camera104,pskuss,val,,63,472.5,2020-06-28_12-16-28_camera104/00063.jpg,other
2020-06-28_12-16-28_camera104,pskuss,val,,64,480.0,2020-06-28_12-16-28_camera104/00064.jpg,other
2020-06-28_12-16-28_camera104,pskuss,val,,65,487.5,2020-06-28_12-16-28_camera104/00065.jpg,other
2020-06-28_12-16-28_camera104,pskuss,val,,66,495.0,2020-06-28_12-16-28_camera104/00066.jpg,other
2020-06-28_12-16-28_camera104,pskuss,val,,67,502.5,2020-06-28_12-16-28_camera104/00067.jpg,other
2020-06-28_12-16-28_camera104,pskuss,val,,68,510.0,2020-06-28_12-16-28_camera104/00068.jpg,other
2020-06-28_12-16-28_camera104,pskuss,val,,69,517.5,2020-06-28_12-16-28_camera104/00069.jpg,other
2020-06-28_12-16-28_camera104,pskuss,val,,70,525.0,2020-06-28_12-16-28_camera104/00070.jpg,other
2020-06-28_12-16-28_camera104,pskuss,val,,71,532.5,2020-06-28_12-16-28_camera104/00071.jpg,other
2020-06-28_12-16-28_camera104,pskuss,val,,72,540.0,2020-06-28_12-16-28_camera104/00072.jpg,other
2020-06-28_12-16-28_camera104,pskuss,val,,73,547.5,2020-06-28_12-16-28_camera104/00073.jpg,other
2020-06-28_12-16-28_camera104,pskuss,val,,74,555.0,2020-06-28_12-16-28_camera104/00074.jpg,other
2020-06-28_12-16-28_camera104,pskuss,val,,75,562.5,2020-06-28_12-16-28_camera104/00075.jpg,other
2020-06-28_12-16-28_camera104,pskuss,val,,76,570.0,2020-06-28_12-16-28_camera104/00076.jpg,other
2020-06-28_12-16-28_camera104,pskuss,val,,77,577.5,2020-06-28_12-16-28_camera104/00077.jpg,other
2020-06-28_12-16-28_camera104,pskuss,val,,78,585.0,2020-06-28_12-16-28_camera104/00078.jpg,other
2020-06-28_12-16-28_camera104,pskuss,val,,79,592.5,2020-06-28_12-16-28_camera104/00079.jpg,other
2020-06-28_12-16-28_camera104,pskuss,val,,80,600.0,2020-06-28_12-16-28_camera104/00080.jpg,other
2020-06-28_12-16-28_camera104,pskuss,val,,81,607.5,2020-06-28_12-16-28_camera104/00081.jpg,other
2020-06-28_12-16-28_camera104,pskuss,val,,82,615.0,2020-06-28_12-16-28_camera104/00082.jpg,other
2020-06-28_12-16-28_camera104,pskuss,val,,83,622.5,2020-06-28_12-16-28_camera104/00083.jpg,other
2020-06-28_12-16-28_camera104,pskuss,val,,84,630.0,2020-06-28_12-16-28_camera104/00084.jpg,other
2020-06-28_12-16-28_camera104,pskuss,val,,85,637.5,2020-06-28_12-16-28_camera104/00085.jpg,other
2020-06-28_12-16-28_camera104,pskuss,val,,86,645.0,2020-06-28_12-16-28_camera104/00086.jpg,other
2020-06-28_12-16-28_camera104,pskuss,val,,87,652.5,2020-06-28_12-16-28_camera104/00087.jpg,other
2020-06-28_12-16-28_camera104,pskuss,val,,88,660.0,2020-06-28_12-16-28_camera104/00088.jpg,other
2020-06-28_12-16-28_camera104,pskuss,val,,89,667.5,2020-06-28_12-16-28_camera104/00089.jpg,other
2020-06-28_12-16-28_camera104,pskuss,val,,90,675.0,2020-06-28_12-16-28_camera104/00090.jpg,other
2020-06-28_12-16-28_camera104,pskuss,val,,91,682.5,2020-06-28_12-16-28_camera104/00091.jpg,other
2020-06-26_21-27-27_camera104,pskuss,test,,0,0.0,2020-06-26_21-27-27_camera104/00000.jpg,other
2020-06-26_21-27-27_camera104,pskuss,test,,1,7.5,2020-06-26_21-27-27_camera104/00001.jpg,other
2020-06-26_21-27-27_camera104,pskuss,test,,2,15.0,2020-06-26_21-27-27_camera104/00002.jpg,other
2020-06-26_21-27-27_camera104,pskuss,test,,3,22.5,2020-06-26_21-27-27_camera104/00003.jpg,other
2020-06-26_21-27-27_camera104,pskuss,test,,4,30.0,2020-06-26_21-27-27_camera104/00004.jpg,other
2020-06-26_21-27-27_camera104,pskuss,test,,5,37.5,2020-06-26_21-27-27_camera104/00005.jpg,other
2020-06-26_21-27-27_camera104,pskuss,test,,6,45.0,2020-06-26_21-27-27_camera104/00006.jpg,other
2020-06-26_21-27-27_camera104,pskuss,test,,7,52.5,2020-06-26_21-27-27_camera104/00007.jpg,other
2020-06-26_21-27-27_camera104,pskuss,test,,8,60.0,2020-06-26_21-27-27_camera104/00008.jpg,other
2020-06-26_21-27-27_camera104,pskuss,test,,9,67.5,2020-06-26_21-27-27_camera104/00009.jpg,other
2020-06-26_21-27-27_camera104,pskuss,test,,10,75.0,2020-06-26_21-27-27_camera104/00010.jpg,other
2020-06-26_21-27-27_camera104,pskuss,test,,11,82.5,2020-06-26_21-27-27_camera104/00011.jpg,other
2020-06-26_21-27-27_camera104,pskuss,test,,12,90.0,2020-06-26_21-27-27_camera104/00012.jpg,other
2020-06-26_21-27-27_camera104,pskuss,test,,13,97.5,2020-06-26_21-27-27_camera104/00013.jpg,other
2020-06-26_21-27-27_camera104,pskuss,test,,14,105.0,2020-06-26_21-27-27_camera104/00014.jpg,other
2020-06-26_21-27-27_camera104,pskuss,test,,15,112.5,2020-06-26_21-27-27_camera104/00015.jpg,other
2020-06-26_21-27-27_camera104,pskuss,test,,16,120.0,2020-06-26_21-27-27_camera104/00016.jpg,other
2020-06-26_21-27-27_camera104,pskuss,test,,17,127.5,2020-06-26_21-27-27_camera104/00017.jpg,other
2020-06-26_21-27-27_camera104,pskuss,test,,18,135.0,2020-06-26_21-27-27_camera104/00018.jpg,other
2020-06-26_21-27-27_camera104,pskuss,test,,19,142.5,2020-06-26_21-27-27_camera104/00019.jpg,other
2020-06-26_21-27-27_camera104,pskuss,test,,20,150.0,2020-06-26_21-27-27_camera104/00020.jpg,other
2020-06-26_21-27-27_camera104,pskuss,test,,21,157.5,2020-06-26_21-27-27_camera104/00021.jpg,other
2020-06-26_21-27-27_camera104,pskuss,test,,22,165.0,2020-06-26_21-27-27_camera104/00022.jpg,other
2020-06-26_21-27-27_camera104,pskuss,test,,23,172.5,2020-06-26_21-27-27_camera104/00023.jpg,other
2020-06-26_21-27-27_camera104,pskuss,test,,24,180.0,2020-06-26_21-27-27_camera104/00024.jpg,other
2020-06-26_21-27-27_camera104,pskuss,test,,25,187.5,2020-06-26_21-27-27_camera104/00025.jpg,other
2020-06-26_21-27-27_camera104,pskuss,test,,26,195.0,2020-06-26_21-27-27_camera104/00026.jpg,other
2020-06-26_21-27-27_camera104,pskuss,test,,27,202.5,2020-06-26_21-27-27_camera104/00027.jpg,other
2020-06-26_21-27-27_camera104,pskuss,test,,28,210.0,2020-06-26_21-27-27_camera104/00028.jpg,other
2020-06-26_21-27-27_camera104,pskuss,test,,29,217.5,2020-06-26_21-27-27_camera104/00029.jpg,other
2020-06-26_21-27-27_camera104,pskuss,test,,30,225.0,2020-06-26_21-27-27_camera104/00030.jpg,other
2020-06-26_21-27-27_camera104,pskuss,test,,31,232.5,2020-06-26_21-27-27_camera104/00031.jpg,other
2020-06-26_21-27-27_camera104,pskuss,test,,32,240.0,2020-06-26_21-27-27_camera104/00032.jpg,other
2020-06-26_21-27-27_camera104,pskuss,test,,33,247.5,2020-06-26_21-27-27_camera104/00033.jpg,other
2020-06-26_21-27-27_camera104,pskuss,test,,34,255.0,2020-06-26_21-27-27_camera104/00034.jpg,other
2020-06-26_21-27-27_camera104,pskuss,test,,35,262.5,2020-06-26_21-27-27_camera104/00035.jpg,other
2020-06-26_21-27-27_camera104,pskuss,test,,36,270.0,2020-06-26_21-27-27_camera104/00036.jpg,other
2020-06-26_21-27-27_camera104,pskuss,test,,37,277.5,2020-06-26_21-27-27_camera104/00037.jpg,other
2020-06-26_21-27-27_camera104,pskuss,test,,38,285.0,2020-06-26_21-27-27_camera104/00038.jpg,other
2020-06-26_21-27-27_camera104,pskuss,test,,39,292.5,2020-06-26_21-27-27_camera104/00039.jpg,other
2020-06-26_21-27-27_camera104,pskuss,test,,40,300.0,2020-06-26_21-27-27_camera104/00040.jpg,other
2020-06-26_21-27-27_camera104,pskuss,test,,41,307.5,2020-06-26_21-27-27_camera104/00041.jpg,other
2020-06-26_21-27-27_camera104,pskuss,test,,42,315.0,2020-06-26_21-27-27_camera104/00042.jpg,other
2020-06-26_21-27-27_camera104,pskuss,test,,43,322.5,2020-06-26_21-27-27_camera104/00043.jpg,other
2020-06-26_21-27-27_camera104,pskuss,test,,44,330.0,2020-06-26_21-27-27_camera104/00044.jpg,other
2020-06-26_21-27-27_camera104,pskuss,test,,45,337.5,2020-06-26_21-27-27_camera104/00045.jpg,other
2020-06-26_21-27-27_camera104,pskuss,test,,46,345.0,2020-06-26_21-27-27_camera104/00046.jpg,other
2020-06-26_21-28-58_camera104,pskuss,test,,0,0.0,2020-06-26_21-28-58_camera104/00000.jpg,other
2020-06-26_21-28-58_camera104,pskuss,test,,1,7.5,2020-06-26_21-28-58_camera104/00001.jpg,other
2020-06-26_21-28-58_camera104,pskuss,test,,2,15.0,2020-06-26_21-28-58_camera104/00002.jpg,other
2020-06-26_21-28-58_camera104,pskuss,test,,3,22.5,2020-06-26_21-28-58_camera104/00003.jpg,other
2020-06-26_21-28-58_camera104,pskuss,test,,4,30.0,2020-06-26_21-28-58_camera104/00004.jpg,other
2020-06-26_21-28-58_camera104,pskuss,test,,5,37.5,2020-06-26_21-28-58_camera104/00005.jpg,other
2020-06-26_21-28-58_camera104,pskuss,test,,6,45.0,2020-06-26_21-28-58_camera104/00006.jpg,other
2020-06-26_21-28-58_camera104,pskuss,test,,7,52.5,2020-06-26_21-28-58_camera104/00007.jpg,other
2020-06-26_21-28-58_camera104,pskuss,test,,8,60.0,2020-06-26_21-28-58_camera104/00008.jpg,other
2020-06-26_21-28-58_camera104,pskuss,test,,9,67.5,2020-06-26_21-28-58_camera104/00009.jpg,other
2020-06-26_21-28-58_camera104,pskuss,test,,10,75.0,2020-06-26_21-28-58_camera104/00010.jpg,other
2020-06-26_21-28-58_camera104,pskuss,test,,11,82.5,2020-06-26_21-28-58_camera104/00011.jpg,other
2020-06-26_21-28-58_camera104,pskuss,test,,12,90.0,2020-06-26_21-28-58_camera104/00012.jpg,other
2020-06-26_21-28-58_camera104,pskuss,test,,13,97.5,2020-06-26_21-28-58_camera104/00013.jpg,other
2020-06-26_21-28-58_camera104,pskuss,test,,14,105.0,2020-06-26_21-28-58_camera104/00014.jpg,other
2020-06-26_21-28-58_camera104,pskuss,test,,15,112.5,2020-06-26_21-28-58_camera104/00015.jpg,other
2020-06-26_21-28-58_camera104,pskuss,test,,16,120.0,2020-06-26_21-28-58_camera104/00016.jpg,other
2020-06-26_21-28-58_camera104,pskuss,test,,17,127.5,2020-06-26_21-28-58_camera104/00017.jpg,other
2020-06-26_21-28-58_camera104,pskuss,test,,18,135.0,2020-06-26_21-28-58_camera104/00018.jpg,other
2020-06-26_21-28-58_camera104,pskuss,test,,19,142.5,2020-06-26_21-28-58_camera104/00019.jpg,other
2020-06-26_21-28-58_camera104,pskuss,test,,20,150.0,2020-06-26_21-28-58_camera104/00020.jpg,other
2020-06-26_21-28-58_camera104,pskuss,test,,21,157.5,2020-06-26_21-28-58_camera104/00021.jpg,other
2020-06-26_21-28-58_camera104,pskuss,test,,22,165.0,2020-06-26_21-28-58_camera104/00022.jpg,other
2020-06-26_21-28-58_camera104,pskuss,test,,23,172.5,2020-06-26_21-28-58_camera104/00023.jpg,other
2020-06-26_21-28-58_camera104,pskuss,test,,24,180.0,2020-06-26_21-28-58_camera104/00024.jpg,other
2020-06-26_21-28-58_camera104,pskuss,test,,25,187.5,2020-06-26_21-28-58_camera104/00025.jpg,other
2020-06-26_21-28-58_camera104,pskuss,test,,26,195.0,2020-06-26_21-28-58_camera104/00026.jpg,other
2020-06-26_21-28-58_camera104,pskuss,test,,27,202.5,2020-06-26_21-28-58_camera104/00027.jpg,other
2020-06-26_21-28-58_camera104,pskuss,test,,28,210.0,2020-06-26_21-28-58_camera104/00028.jpg,other
2020-06-26_21-28-58_camera104,pskuss,test,,29,217.5,2020-06-26_21-28-58_camera104/00029.jpg,other
2020-06-26_21-28-58_camera104,pskuss,test,,30,225.0,2020-06-26_21-28-58_camera104/00030.jpg,other
2020-06-26_21-28-58_camera104,pskuss,test,,31,232.5,2020-06-26_21-28-58_camera104/00031.jpg,other
2020-06-26_21-28-58_camera104,pskuss,test,,32,240.0,2020-06-26_21-28-58_camera104/00032.jpg,other
2020-06-26_21-28-58_camera104,pskuss,test,,33,247.5,2020-06-26_21-28-58_camera104/00033.jpg,other
2020-06-26_21-28-58_camera104,pskuss,test,,34,255.0,2020-06-26_21-28-58_camera104/00034.jpg,other
2020-06-26_21-28-58_camera104,pskuss,test,,35,262.5,2020-06-26_21-28-58_camera104/00035.jpg,other
2020-06-26_21-28-58_camera104,pskuss,test,,36,270.0,2020-06-26_21-28-58_camera104/00036.jpg,other
2020-06-26_21-28-58_camera104,pskuss,test,,37,277.5,2020-06-26_21-28-58_camera104/00037.jpg,other
2020-06-26_21-28-58_camera104,pskuss,test,,38,285.0,2020-06-26_21-28-58_camera104/00038.jpg,other
2020-06-26_21-28-58_camera104,pskuss,test,,39,292.5,2020-06-26_21-28-58_camera104/00039.jpg,other
2020-06-26_21-28-58_camera104,pskuss,test,,40,300.0,2020-06-26_21-28-58_camera104/00040.jpg,other
2020-06-26_21-28-58_camera104,pskuss,test,,41,307.5,2020-06-26_21-28-58_camera104/00041.jpg,other
2020-06-26_21-28-58_camera104,pskuss,test,,42,315.0,2020-06-26_21-28-58_camera104/00042.jpg,other
2020-06-26_21-28-58_camera104,pskuss,test,,43,322.5,2020-06-26_21-28-58_camera104/00043.jpg,other
2020-06-26_21-28-58_camera104,pskuss,test,,44,330.0,2020-06-26_21-28-58_camera104/00044.jpg,other
2020-06-26_21-28-58_camera104,pskuss,test,,45,337.5,2020-06-26_21-28-58_camera104/00045.jpg,other
2020-06-26_21-28-58_camera104,pskuss,test,,46,345.0,2020-06-26_21-28-58_camera104/00046.jpg,other
2020-06-26_21-28-58_camera104,pskuss,test,,47,352.5,2020-06-26_21-28-58_camera104/00047.jpg,other
2020-06-26_21-28-58_camera104,pskuss,test,,48,360.0,2020-06-26_21-28-58_camera104/00048.jpg,other
2020-06-26_21-28-58_camera104,pskuss,test,,49,367.5,2020-06-26_21-28-58_camera104/00049.jpg,other
2020-06-26_21-28-58_camera104,pskuss,test,,50,375.0,2020-06-26_21-28-58_camera104/00050.jpg,other
2020-06-26_21-28-58_camera104,pskuss,test,,51,382.5,2020-06-26_21-28-58_camera104/00051.jpg,other
2020-06-26_21-28-58_camera104,pskuss,test,,52,390.0,2020-06-26_21-28-58_camera104/00052.jpg,other
2020-06-26_21-28-58_camera104,pskuss,test,,53,397.5,2020-06-26_21-28-58_camera104/00053.jpg,other
2020-06-26_21-28-58_camera104,pskuss,test,,54,405.0,2020-06-26_21-28-58_camera104/00054.jpg,other
2020-06-26_21-28-58_camera104,pskuss,test,,55,412.5,2020-06-26_21-28-58_camera104/00055.jpg,other
2020-06-26_21-28-58_camera104,pskuss,test,,56,420.0,2020-06-26_21-28-58_camera104/00056.jpg,other
2020-06-26_21-28-58_camera104,pskuss,test,,57,427.5,2020-06-26_21-28-58_camera104/00057.jpg,other
2020-06-26_21-28-58_camera104,pskuss,test,,58,435.0,2020-06-26_21-28-58_camera104/00058.jpg,other
2020-06-26_21-28-58_camera104,pskuss,test,,59,442.5,2020-06-26_21-28-58_camera104/00059.jpg,other
2020-06-26_21-28-58_camera104,pskuss,test,,60,450.0,2020-06-26_21-28-58_camera104/00060.jpg,other
2020-06-26_21-28-58_camera104,pskuss,test,,61,457.5,2020-06-26_21-28-58_camera104/00061.jpg,other
2020-06-26_21-28-58_camera104,pskuss,test,,62,465.0,2020-06-26_21-28-58_camera104/00062.jpg,other
2020-06-26_21-28-58_camera104,pskuss,test,,63,472.5,2020-06-26_21-28-58_camera104/00063.jpg,other
2020-06-26_21-28-58_camera104,pskuss,test,,64,480.0,2020-06-26_21-28-58_camera104/00064.jpg,other
2020-06-27_08-59-50_camera104,pskuss,test,,0,0.0,2020-06-27_08-59-50_camera104/00000.jpg,other
2020-06-27_08-59-50_camera104,pskuss,test,,1,7.5,2020-06-27_08-59-50_camera104/00001.jpg,other
2020-06-27_08-59-50_camera104,pskuss,test,,2,15.0,2020-06-27_08-59-50_camera104/00002.jpg,other
2020-06-27_08-59-50_camera104,pskuss,test,,3,22.5,2020-06-27_08-59-50_camera104/00003.jpg,other
2020-06-27_08-59-50_camera104,pskuss,test,,4,30.0,2020-06-27_08-59-50_camera104/00004.jpg,other
2020-06-27_08-59-50_camera104,pskuss,test,,5,37.5,2020-06-27_08-59-50_camera104/00005.jpg,other
2020-06-27_08-59-50_camera104,pskuss,test,,6,45.0,2020-06-27_08-59-50_camera104/00006.jpg,other
2020-06-27_08-59-50_camera104,pskuss,test,,7,52.5,2020-06-27_08-59-50_camera104/00007.jpg,other
2020-06-27_08-59-50_camera104,pskuss,test,,8,60.0,2020-06-27_08-59-50_camera104/00008.jpg,other
2020-06-27_08-59-50_camera104,pskuss,test,,9,67.5,2020-06-27_08-59-50_camera104/00009.jpg,other
2020-06-27_08-59-50_camera104,pskuss,test,,10,75.0,2020-06-27_08-59-50_camera104/00010.jpg,other
2020-06-27_08-59-50_camera104,pskuss,test,,11,82.5,2020-06-27_08-59-50_camera104/00011.jpg,other
2020-06-27_08-59-50_camera104,pskuss,test,,12,90.0,2020-06-27_08-59-50_camera104/00012.jpg,other
2020-06-27_08-59-50_camera104,pskuss,test,,13,97.5,2020-06-27_08-59-50_camera104/00013.jpg,other
2020-06-27_08-59-50_camera104,pskuss,test,,14,105.0,2020-06-27_08-59-50_camera104/00014.jpg,other
2020-06-27_08-59-50_camera104,pskuss,test,,15,112.5,2020-06-27_08-59-50_camera104/00015.jpg,other
2020-06-27_08-59-50_camera104,pskuss,test,,16,120.0,2020-06-27_08-59-50_camera104/00016.jpg,other
2020-06-27_08-59-50_camera104,pskuss,test,,17,127.5,2020-06-27_08-59-50_camera104/00017.jpg,other
2020-06-27_08-59-50_camera104,pskuss,test,,18,135.0,2020-06-27_08-59-50_camera104/00018.jpg,other
2020-06-27_08-59-50_camera104,pskuss,test,,19,142.5,2020-06-27_08-59-50_camera104/00019.jpg,other
2020-06-27_08-59-50_camera104,pskuss,test,,20,150.0,2020-06-27_08-59-50_camera104/00020.jpg,other
2020-06-27_08-59-50_camera104,pskuss,test,,21,157.5,2020-06-27_08-59-50_camera104/00021.jpg,other
2020-06-27_08-59-50_camera104,pskuss,test,,22,165.0,2020-06-27_08-59-50_camera104/00022.jpg,other
2020-06-27_08-59-50_camera104,pskuss,test,,23,172.5,2020-06-27_08-59-50_camera104/00023.jpg,other
2020-06-27_08-59-50_camera104,pskuss,test,,24,180.0,2020-06-27_08-59-50_camera104/00024.jpg,other
2020-06-27_08-59-50_camera104,pskuss,test,,25,187.5,2020-06-27_08-59-50_camera104/00025.jpg,other
2020-06-27_08-59-50_camera104,pskuss,test,,26,195.0,2020-06-27_08-59-50_camera104/00026.jpg,other
2020-06-27_08-59-50_camera104,pskuss,test,,27,202.5,2020-06-27_08-59-50_camera104/00027.jpg,other
2020-06-27_08-59-50_camera104,pskuss,test,,28,210.0,2020-06-27_08-59-50_camera104/00028.jpg,other
2020-06-27_08-59-50_camera104,pskuss,test,,29,217.5,2020-06-27_08-59-50_camera104/00029.jpg,other
2020-06-27_08-59-50_camera104,pskuss,test,,30,225.0,2020-06-27_08-59-50_camera104/00030.jpg,other
2020-06-27_08-59-50_camera104,pskuss,test,,31,232.5,2020-06-27_08-59-50_camera104/00031.jpg,other
2020-06-27_08-59-50_camera104,pskuss,test,,32,240.0,2020-06-27_08-59-50_camera104/00032.jpg,other
2020-06-27_08-59-50_camera104,pskuss,test,,33,247.5,2020-06-27_08-59-50_camera104/00033.jpg,other
2020-06-27_08-59-50_camera104,pskuss,test,,34,255.0,2020-06-27_08-59-50_camera104/00034.jpg,other
2020-06-27_08-59-50_camera104,pskuss,test,,35,262.5,2020-06-27_08-59-50_camera104/00035.jpg,other
2020-06-27_08-59-50_camera104,pskuss,test,,36,270.0,2020-06-27_08-59-50_camera104/00036.jpg,other
2020-06-27_08-59-50_camera104,pskuss,test,,37,277.5,2020-06-27_08-59-50_camera104/00037.jpg,other
2020-06-27_08-59-50_camera104,pskuss,test,,38,285.0,2020-06-27_08-59-50_camera104/00038.jpg,other
2020-06-27_08-59-50_camera104,pskuss,test,,39,292.5,2020-06-27_08-59-50_camera104/00039.jpg,other
2020-06-27_08-59-50_camera104,pskuss,test,,40,300.0,2020-06-27_08-59-50_camera104/00040.jpg,other
2020-06-27_08-59-50_camera104,pskuss,test,,41,307.5,2020-06-27_08-59-50_camera104/00041.jpg,other
2020-06-27_08-59-50_camera104,pskuss,test,,42,315.0,2020-06-27_08-59-50_camera104/00042.jpg,other
2020-06-27_08-59-50_camera104,pskuss,test,,43,322.5,2020-06-27_08-59-50_camera104/00043.jpg,other
2020-06-27_08-59-50_camera104,pskuss,test,,44,330.0,2020-06-27_08-59-50_camera104/00044.jpg,other
2020-06-27_08-59-50_camera104,pskuss,test,,45,337.5,2020-06-27_08-59-50_camera104/00045.jpg,other
2020-06-27_08-59-50_camera104,pskuss,test,,46,345.0,2020-06-27_08-59-50_camera104/00046.jpg,other
2020-06-27_08-59-50_camera104,pskuss,test,,47,352.5,2020-06-27_08-59-50_camera104/00047.jpg,other
2020-06-27_08-59-50_camera104,pskuss,test,,48,360.0,2020-06-27_08-59-50_camera104/00048.jpg,other
2020-06-27_08-59-50_camera104,pskuss,test,,49,367.5,2020-06-27_08-59-50_camera104/00049.jpg,other
2020-06-27_08-59-50_camera104,pskuss,test,,50,375.0,2020-06-27_08-59-50_camera104/00050.jpg,other
2020-06-27_08-59-50_camera104,pskuss,test,,51,382.5,2020-06-27_08-59-50_camera104/00051.jpg,other
2020-06-27_22-22-34_camera104,pskuss,test,,0,0.0,2020-06-27_22-22-34_camera104/00000.jpg,other
2020-06-27_22-22-34_camera104,pskuss,test,,1,7.5,2020-06-27_22-22-34_camera104/00001.jpg,other
2020-06-27_22-22-34_camera104,pskuss,test,,2,15.0,2020-06-27_22-22-34_camera104/00002.jpg,other
2020-06-27_22-22-34_camera104,pskuss,test,,3,22.5,2020-06-27_22-22-34_camera104/00003.jpg,other
2020-06-27_22-22-34_camera104,pskuss,test,,4,30.0,2020-06-27_22-22-34_camera104/00004.jpg,other
2020-06-27_22-22-34_camera104,pskuss,test,,5,37.5,2020-06-27_22-22-34_camera104/00005.jpg,other
2020-06-27_22-22-34_camera104,pskuss,test,,6,45.0,2020-06-27_22-22-34_camera104/00006.jpg,other
2020-06-27_22-22-34_camera104,pskuss,test,,7,52.5,2020-06-27_22-22-34_camera104/00007.jpg,other
2020-06-27_22-22-34_camera104,pskuss,test,,8,60.0,2020-06-27_22-22-34_camera104/00008.jpg,other
2020-06-27_22-22-34_camera104,pskuss,test,,9,67.5,2020-06-27_22-22-34_camera104/00009.jpg,other
2020-06-27_22-22-34_camera104,pskuss,test,,10,75.0,2020-06-27_22-22-34_camera104/00010.jpg,other
2020-06-27_22-22-34_camera104,pskuss,test,,11,82.5,2020-06-27_22-22-34_camera104/00011.jpg,other
2020-06-27_22-22-34_camera104,pskuss,test,,12,90.0,2020-06-27_22-22-34_camera104/00012.jpg,other
2020-06-27_22-22-34_camera104,pskuss,test,,13,97.5,2020-06-27_22-22-34_camera104/00013.jpg,other
2020-06-27_22-22-34_camera104,pskuss,test,,14,105.0,2020-06-27_22-22-34_camera104/00014.jpg,other
2020-06-27_22-22-34_camera104,pskuss,test,,15,112.5,2020-06-27_22-22-34_camera104/00015.jpg,other
2020-06-27_22-22-34_camera104,pskuss,test,,16,120.0,2020-06-27_22-22-34_camera104/00016.jpg,other
2020-06-27_22-22-34_camera104,pskuss,test,,17,127.5,2020-06-27_22-22-34_camera104/00017.jpg,other
2020-06-27_22-22-34_camera104,pskuss,test,,18,135.0,2020-06-27_22-22-34_camera104/00018.jpg,other
2020-06-27_22-22-34_camera104,pskuss,test,,19,142.5,2020-06-27_22-22-34_camera104/00019.jpg,other
2020-06-27_22-22-34_camera104,pskuss,test,,20,150.0,2020-06-27_22-22-34_camera104/00020.jpg,other
2020-06-27_22-22-34_camera104,pskuss,test,,21,157.5,2020-06-27_22-22-34_camera104/00021.jpg,other
2020-06-27_22-22-34_camera104,pskuss,test,,22,165.0,2020-06-27_22-22-34_camera104/00022.jpg,other
2020-06-27_22-22-34_camera104,pskuss,test,,23,172.5,2020-06-27_22-22-34_camera104/00023.jpg,other
2020-06-27_22-22-34_camera104,pskuss,test,,24,180.0,2020-06-27_22-22-34_camera104/00024.jpg,other
2020-06-27_22-22-34_camera104,pskuss,test,,25,187.5,2020-06-27_22-22-34_camera104/00025.jpg,other
2020-06-27_22-22-34_camera104,pskuss,test,,26,195.0,2020-06-27_22-22-34_camera104/00026.jpg,other
2020-06-27_22-22-34_camera104,pskuss,test,,27,202.5,2020-06-27_22-22-34_camera104/00027.jpg,other
2020-06-27_22-22-34_camera104,pskuss,test,,28,210.0,2020-06-27_22-22-34_camera104/00028.jpg,other
2020-06-27_22-22-34_camera104,pskuss,test,,29,217.5,2020-06-27_22-22-34_camera104/00029.jpg,other
2020-06-27_22-22-34_camera104,pskuss,test,,30,225.0,2020-06-27_22-22-34_camera104/00030.jpg,other
2020-06-27_22-22-34_camera104,pskuss,test,,31,232.5,2020-06-27_22-22-34_camera104/00031.jpg,other
2020-06-27_22-22-34_camera104,pskuss,test,,32,240.0,2020-06-27_22-22-34_camera104/00032.jpg,other
2020-06-27_22-22-34_camera104,pskuss,test,,33,247.5,2020-06-27_22-22-34_camera104/00033.jpg,other
2020-06-27_22-22-34_camera104,pskuss,test,,34,255.0,2020-06-27_22-22-34_camera104/00034.jpg,other
2020-06-27_22-22-34_camera104,pskuss,test,,35,262.5,2020-06-27_22-22-34_camera104/00035.jpg,other
2020-06-27_22-22-34_camera104,pskuss,test,,36,270.0,2020-06-27_22-22-34_camera104/00036.jpg,other
2020-06-27_22-22-34_camera104,pskuss,test,,37,277.5,2020-06-27_22-22-34_camera104/00037.jpg,other
2020-06-27_22-22-34_camera104,pskuss,test,,38,285.0,2020-06-27_22-22-34_camera104/00038.jpg,other
2020-06-27_22-22-34_camera104,pskuss,test,,39,292.5,2020-06-27_22-22-34_camera104/00039.jpg,other
2020-06-27_22-22-34_camera104,pskuss,test,,40,300.0,2020-06-27_22-22-34_camera104/00040.jpg,other
2020-06-27_22-22-34_camera104,pskuss,test,,41,307.5,2020-06-27_22-22-34_camera104/00041.jpg,other
2020-06-27_22-22-34_camera104,pskuss,test,,42,315.0,2020-06-27_22-22-34_camera104/00042.jpg,other
2020-06-27_22-22-34_camera104,pskuss,test,,43,322.5,2020-06-27_22-22-34_camera104/00043.jpg,other
2020-06-27_22-22-34_camera104,pskuss,test,,44,330.0,2020-06-27_22-22-34_camera104/00044.jpg,other
2020-06-27_22-22-34_camera104,pskuss,test,,45,337.5,2020-06-27_22-22-34_camera104/00045.jpg,other
2020-06-27_22-22-34_camera104,pskuss,test,,46,345.0,2020-06-27_22-22-34_camera104/00046.jpg,other
2020-06-27_22-22-34_camera104,pskuss,test,,47,352.5,2020-06-27_22-22-34_camera104/00047.jpg,other
2020-06-27_22-22-34_camera104,pskuss,test,,48,360.0,2020-06-27_22-22-34_camera104/00048.jpg,other
2020-06-27_22-22-34_camera104,pskuss,test,,49,367.5,2020-06-27_22-22-34_camera104/00049.jpg,other
2020-06-27_22-22-34_camera104,pskuss,test,,50,375.0,2020-06-27_22-22-34_camera104/00050.jpg,other
2020-06-27_23-09-59_camera104,pskuss,test,,0,0.0,2020-06-27_23-09-59_camera104/00000.jpg,other
2020-06-27_23-09-59_camera104,pskuss,test,,1,7.5,2020-06-27_23-09-59_camera104/00001.jpg,other
2020-06-27_23-09-59_camera104,pskuss,test,,2,15.0,2020-06-27_23-09-59_camera104/00002.jpg,other
2020-06-27_23-09-59_camera104,pskuss,test,,3,22.5,2020-06-27_23-09-59_camera104/00003.jpg,other
2020-06-27_23-09-59_camera104,pskuss,test,,4,30.0,2020-06-27_23-09-59_camera104/00004.jpg,other
2020-06-27_23-09-59_camera104,pskuss,test,,5,37.5,2020-06-27_23-09-59_camera104/00005.jpg,other
2020-06-27_23-09-59_camera104,pskuss,test,,6,45.0,2020-06-27_23-09-59_camera104/00006.jpg,other
2020-06-27_23-09-59_camera104,pskuss,test,,7,52.5,2020-06-27_23-09-59_camera104/00007.jpg,other
2020-06-27_23-09-59_camera104,pskuss,test,,8,60.0,2020-06-27_23-09-59_camera104/00008.jpg,other
2020-06-27_23-09-59_camera104,pskuss,test,,9,67.5,2020-06-27_23-09-59_camera104/00009.jpg,other
2020-06-27_23-09-59_camera104,pskuss,test,,10,75.0,2020-06-27_23-09-59_camera104/00010.jpg,other
2020-06-27_23-09-59_camera104,pskuss,test,,11,82.5,2020-06-27_23-09-59_camera104/00011.jpg,other
2020-06-27_23-09-59_camera104,pskuss,test,,12,90.0,2020-06-27_23-09-59_camera104/00012.jpg,other
2020-06-27_23-09-59_camera104,pskuss,test,,13,97.5,2020-06-27_23-09-59_camera104/00013.jpg,other
2020-06-27_23-09-59_camera104,pskuss,test,,14,105.0,2020-06-27_23-09-59_camera104/00014.jpg,other
2020-06-27_23-09-59_camera104,pskuss,test,,15,112.5,2020-06-27_23-09-59_camera104/00015.jpg,other
2020-06-27_23-09-59_camera104,pskuss,test,,16,120.0,2020-06-27_23-09-59_camera104/00016.jpg,other
2020-06-27_23-09-59_camera104,pskuss,test,,17,127.5,2020-06-27_23-09-59_camera104/00017.jpg,other
2020-06-27_23-09-59_camera104,pskuss,test,,18,135.0,2020-06-27_23-09-59_camera104/00018.jpg,other
2020-06-27_23-09-59_camera104,pskuss,test,,19,142.5,2020-06-27_23-09-59_camera104/00019.jpg,other
2020-06-27_23-09-59_camera104,pskuss,test,,20,150.0,2020-06-27_23-09-59_camera104/00020.jpg,other
2020-06-27_23-09-59_camera104,pskuss,test,,21,157.5,2020-06-27_23-09-59_camera104/00021.jpg,other
2020-06-27_23-09-59_camera104,pskuss,test,,22,165.0,2020-06-27_23-09-59_camera104/00022.jpg,other
2020-06-27_23-09-59_camera104,pskuss,test,,23,172.5,2020-06-27_23-09-59_camera104/00023.jpg,other
2020-06-27_23-09-59_camera104,pskuss,test,,24,180.0,2020-06-27_23-09-59_camera104/00024.jpg,other
2020-06-27_23-09-59_camera104,pskuss,test,,25,187.5,2020-06-27_23-09-59_camera104/00025.jpg,other
2020-06-27_23-09-59_camera104,pskuss,test,,26,195.0,2020-06-27_23-09-59_camera104/00026.jpg,other
2020-06-27_23-09-59_camera104,pskuss,test,,27,202.5,2020-06-27_23-09-59_camera104/00027.jpg,other
2020-06-27_23-09-59_camera104,pskuss,test,,28,210.0,2020-06-27_23-09-59_camera104/00028.jpg,other
2020-06-27_23-09-59_camera104,pskuss,test,,29,217.5,2020-06-27_23-09-59_camera104/00029.jpg,other
2020-06-27_23-09-59_camera104,pskuss,test,,30,225.0,2020-06-27_23-09-59_camera104/00030.jpg,other
2020-06-27_23-09-59_camera104,pskuss,test,,31,232.5,2020-06-27_23-09-59_camera104/00031.jpg,other
2020-06-27_23-09-59_camera104,pskuss,test,,32,240.0,2020-06-27_23-09-59_camera104/00032.jpg,other
2020-06-27_23-09-59_camera104,pskuss,test,,33,247.5,2020-06-27_23-09-59_camera104/00033.jpg,other
2020-06-27_23-09-59_camera104,pskuss,test,,34,255.0,2020-06-27_23-09-59_camera104/00034.jpg,other
2020-06-27_23-09-59_camera104,pskuss,test,,35,262.5,2020-06-27_23-09-59_camera104/00035.jpg,other
2020-06-27_23-09-59_camera104,pskuss,test,,36,270.0,2020-06-27_23-09-59_camera104/00036.jpg,other
2020-06-27_23-09-59_camera104,pskuss,test,,37,277.5,2020-06-27_23-09-59_camera104/00037.jpg,other
2020-06-27_23-09-59_camera104,pskuss,test,,38,285.0,2020-06-27_23-09-59_camera104/00038.jpg,other
2020-06-27_23-09-59_camera104,pskuss,test,,39,292.5,2020-06-27_23-09-59_camera104/00039.jpg,other
2020-06-27_23-09-59_camera104,pskuss,test,,40,300.0,2020-06-27_23-09-59_camera104/00040.jpg,other
2020-06-27_23-09-59_camera104,pskuss,test,,41,307.5,2020-06-27_23-09-59_camera104/00041.jpg,other
2020-06-27_23-09-59_camera104,pskuss,test,,42,315.0,2020-06-27_23-09-59_camera104/00042.jpg,other
2020-06-27_23-09-59_camera104,pskuss,test,,43,322.5,2020-06-27_23-09-59_camera104/00043.jpg,other
2020-06-27_23-09-59_camera104,pskuss,test,,44,330.0,2020-06-27_23-09-59_camera104/00044.jpg,other
2020-06-27_23-09-59_camera104,pskuss,test,,45,337.5,2020-06-27_23-09-59_camera104/00045.jpg,other
2020-06-27_23-09-59_camera104,pskuss,test,,46,345.0,2020-06-27_23-09-59_camera104/00046.jpg,other
2020-06-27_23-09-59_camera104,pskuss,test,,47,352.5,2020-06-27_23-09-59_camera104/00047.jpg,other
2020-06-27_23-09-59_camera104,pskuss,test,,48,360.0,2020-06-27_23-09-59_camera104/00048.jpg,other
2020-06-27_23-09-59_camera104,pskuss,test,,49,367.5,2020-06-27_23-09-59_camera104/00049.jpg,other
2020-06-27_23-09-59_camera104,pskuss,test,,50,375.0,2020-06-27_23-09-59_camera104/00050.jpg,other
2020-06-27_23-09-59_camera104,pskuss,test,,51,382.5,2020-06-27_23-09-59_camera104/00051.jpg,other
2020-06-27_23-09-59_camera104,pskuss,test,,52,390.0,2020-06-27_23-09-59_camera104/00052.jpg,other
2020-06-27_23-09-59_camera104,pskuss,test,,53,397.5,2020-06-27_23-09-59_camera104/00053.jpg,other
2020-06-27_23-09-59_camera104,pskuss,test,,54,405.0,2020-06-27_23-09-59_camera104/00054.jpg,other
2020-06-27_23-09-59_camera104,pskuss,test,,55,412.5,2020-06-27_23-09-59_camera104/00055.jpg,other
2020-06-27_23-09-59_camera104,pskuss,test,,56,420.0,2020-06-27_23-09-59_camera104/00056.jpg,other
2020-06-27_23-09-59_camera104,pskuss,test,,57,427.5,2020-06-27_23-09-59_camera104/00057.jpg,other
2020-06-27_23-09-59_camera104,pskuss,test,,58,435.0,2020-06-27_23-09-59_camera104/00058.jpg,other
2020-06-27_23-09-59_camera104,pskuss,test,,59,442.5,2020-06-27_23-09-59_camera104/00059.jpg,other
2020-06-27_23-09-59_camera104,pskuss,test,,60,450.0,2020-06-27_23-09-59_camera104/00060.jpg,other
2020-06-27_23-09-59_camera104,pskuss,test,,61,457.5,2020-06-27_23-09-59_camera104/00061.jpg,other
2020-06-27_23-09-59_camera104,pskuss,test,,62,465.0,2020-06-27_23-09-59_camera104/00062.jpg,other
2020-06-27_23-09-59_camera104,pskuss,test,,63,472.5,2020-06-27_23-09-59_camera104/00063.jpg,other
2020-06-27_23-09-59_camera104,pskuss,test,,64,480.0,2020-06-27_23-09-59_camera104/00064.jpg,other
2020-06-27_23-09-59_camera104,pskuss,test,,65,487.5,2020-06-27_23-09-59_camera104/00065.jpg,other
2020-06-27_23-09-59_camera104,pskuss,test,,66,495.0,2020-06-27_23-09-59_camera104/00066.jpg,other
2020-06-27_23-09-59_camera104,pskuss,test,,67,502.5,2020-06-27_23-09-59_camera104/00067.jpg,other
2020-06-27_23-09-59_camera104,pskuss,test,,68,510.0,2020-06-27_23-09-59_camera104/00068.jpg,other
2020-06-27_23-09-59_camera104,pskuss,test,,69,517.5,2020-06-27_23-09-59_camera104/00069.jpg,other
2020-06-27_23-09-59_camera104,pskuss,test,,70,525.0,2020-06-27_23-09-59_camera104/00070.jpg,other
2020-06-27_23-09-59_camera104,pskuss,test,,71,532.5,2020-06-27_23-09-59_camera104/00071.jpg,other
2020-06-27_23-09-59_camera104,pskuss,test,,72,540.0,2020-06-27_23-09-59_camera104/00072.jpg,other
2020-06-27_23-09-59_camera104,pskuss,test,,73,547.5,2020-06-27_23-09-59_camera104/00073.jpg,other
2020-06-27_23-09-59_camera104,pskuss,test,,74,555.0,2020-06-27_23-09-59_camera104/00074.jpg,other
2020-06-27_23-09-59_camera104,pskuss,test,,75,562.5,2020-06-27_23-09-59_camera104/00075.jpg,other
2020-06-27_23-09-59_camera104,pskuss,test,,76,570.0,2020-06-27_23-09-59_camera104/00076.jpg,other
2020-06-27_23-09-59_camera104,pskuss,test,,77,577.5,2020-06-27_23-09-59_camera104/00077.jpg,other
2020-06-27_23-09-59_camera104,pskuss,test,,78,585.0,2020-06-27_23-09-59_camera104/00078.jpg,other
2020-06-27_23-09-59_camera104,pskuss,test,,79,592.5,2020-06-27_23-09-59_camera104/00079.jpg,other
2020-06-27_23-09-59_camera104,pskuss,test,,80,600.0,2020-06-27_23-09-59_camera104/00080.jpg,other
2020-06-27_23-09-59_camera104,pskuss,test,,81,607.5,2020-06-27_23-09-59_camera104/00081.jpg,other
2020-06-27_23-09-59_camera104,pskuss,test,,82,615.0,2020-06-27_23-09-59_camera104/00082.jpg,other
2020-06-27_23-09-59_camera104,pskuss,test,,83,622.5,2020-06-27_23-09-59_camera104/00083.jpg,other
2020-06-27_23-09-59_camera104,pskuss,test,,84,630.0,2020-06-27_23-09-59_camera104/00084.jpg,other
2020-06-27_23-09-59_camera104,pskuss,test,,85,637.5,2020-06-27_23-09-59_camera104/00085.jpg,other
2020-06-27_23-09-59_camera104,pskuss,test,,86,645.0,2020-06-27_23-09-59_camera104/00086.jpg,other
2020-06-27_23-09-59_camera104,pskuss,test,,87,652.5,2020-06-27_23-09-59_camera104/00087.jpg,other
2020-06-27_23-09-59_camera104,pskuss,test,,88,660.0,2020-06-27_23-09-59_camera104/00088.jpg,other
2020-06-27_23-09-59_camera104,pskuss,test,,89,667.5,2020-06-27_23-09-59_camera104/00089.jpg,other
2020-06-27_23-09-59_camera104,pskuss,test,,90,675.0,2020-06-27_23-09-59_camera104/00090.jpg,other
2020-06-27_23-09-59_camera104,pskuss,test,,91,682.5,2020-06-27_23-09-59_camera104/00091.jpg,other
2020-06-27_23-09-59_camera104,pskuss,test,,92,690.0,2020-06-27_23-09-59_camera104/00092.jpg,other
2020-06-27_23-09-59_camera104,pskuss,test,,93,697.5,2020-06-27_23-09-59_camera104/00093.jpg,other
2020-06-27_23-09-59_camera104,pskuss,test,,94,705.0,2020-06-27_23-09-59_camera104/00094.jpg,other
2020-06-27_23-09-59_camera104,pskuss,test,,95,712.5,2020-06-27_23-09-59_camera104/00095.jpg,other
2020-06-27_23-09-59_camera104,pskuss,test,,96,720.0,2020-06-27_23-09-59_camera104/00096.jpg,other
2020-06-27_23-09-59_camera104,pskuss,test,,97,727.5,2020-06-27_23-09-59_camera104/00097.jpg,other
2020-06-27_23-09-59_camera104,pskuss,test,,98,735.0,2020-06-27_23-09-59_camera104/00098.jpg,other
2020-06-27_23-09-59_camera104,pskuss,test,,99,742.5,2020-06-27_23-09-59_camera104/00099.jpg,other
2020-06-27_23-09-59_camera104,pskuss,test,,100,750.0,2020-06-27_23-09-59_camera104/00100.jpg,other
2020-06-27_23-09-59_camera104,pskuss,test,,101,757.5,2020-06-27_23-09-59_camera104/00101.jpg,other
2020-06-27_23-09-59_camera104,pskuss,test,,102,765.0,2020-06-27_23-09-59_camera104/00102.jpg,other
2020-06-27_23-09-59_camera104,pskuss,test,,103,772.5,2020-06-27_23-09-59_camera104/00103.jpg,other
2020-06-27_23-09-59_camera104,pskuss,test,,104,780.0,2020-06-27_23-09-59_camera104/00104.jpg,other
2020-06-27_23-09-59_camera104,pskuss,test,,105,787.5,2020-06-27_23-09-59_camera104/00105.jpg,other
2020-06-27_23-09-59_camera104,pskuss,test,,106,795.0,2020-06-27_23-09-59_camera104/00106.jpg,other
2020-06-27_23-09-59_camera104,pskuss,test,,107,802.5,2020-06-27_23-09-59_camera104/00107.jpg,other
2020-06-27_23-09-59_camera104,pskuss,test,,108,810.0,2020-06-27_23-09-59_camera104/00108.jpg,other
2020-06-27_23-09-59_camera104,pskuss,test,,109,817.5,2020-06-27_23-09-59_camera104/00109.jpg,other
2020-06-27_23-09-59_camera104,pskuss,test,,110,825.0,2020-06-27_23-09-59_camera104/00110.jpg,other
2020-06-27_23-09-59_camera104,pskuss,test,,111,832.5,2020-06-27_23-09-59_camera104/00111.jpg,other
2020-06-27_23-09-59_camera104,pskuss,test,,112,840.0,2020-06-27_23-09-59_camera104/00112.jpg,other
2020-06-27_23-09-59_camera104,pskuss,test,,113,847.5,2020-06-27_23-09-59_camera104/00113.jpg,other
2020-06-27_23-09-59_camera104,pskuss,test,,114,855.0,2020-06-27_23-09-59_camera104/00114.jpg,other
2020-06-27_23-09-59_camera104,pskuss,test,,115,862.5,2020-06-27_23-09-59_camera104/00115.jpg,other
2020-06-27_23-09-59_camera104,pskuss,test,,116,870.0,2020-06-27_23-09-59_camera104/00116.jpg,other
2020-06-27_23-09-59_camera104,pskuss,test,,117,877.5,2020-06-27_23-09-59_camera104/00117.jpg,other
2020-06-27_23-09-59_camera104,pskuss,test,,118,885.0,2020-06-27_23-09-59_camera104/00118.jpg,other
2020-06-27_23-09-59_camera104,pskuss,test,,119,892.5,2020-06-27_23-09-59_camera104/00119.jpg,other
2020-06-27_23-09-59_camera104,pskuss,test,,120,900.0,2020-06-27_23-09-59_camera104/00120.jpg,other
2020-06-27_23-09-59_camera104,pskuss,test,,121,907.5,2020-06-27_23-09-59_camera104/00121.jpg,other
2020-06-27_23-09-59_camera104,pskuss,test,,122,915.0,2020-06-27_23-09-59_camera104/00122.jpg,other
2020-06-27_23-09-59_camera104,pskuss,test,,123,922.5,2020-06-27_23-09-59_camera104/00123.jpg,other
2020-06-27_23-09-59_camera104,pskuss,test,,124,930.0,2020-06-27_23-09-59_camera104/00124.jpg,other
2020-06-28_00-02-17_camera104,pskuss,test,,0,0.0,2020-06-28_00-02-17_camera104/00000.jpg,other
2020-06-28_00-02-17_camera104,pskuss,test,,1,7.5,2020-06-28_00-02-17_camera104/00001.jpg,other
2020-06-28_00-02-17_camera104,pskuss,test,,2,15.0,2020-06-28_00-02-17_camera104/00002.jpg,other
2020-06-28_00-02-17_camera104,pskuss,test,,3,22.5,2020-06-28_00-02-17_camera104/00003.jpg,other
2020-06-28_00-02-17_camera104,pskuss,test,,4,30.0,2020-06-28_00-02-17_camera104/00004.jpg,other
2020-06-28_00-02-17_camera104,pskuss,test,,5,37.5,2020-06-28_00-02-17_camera104/00005.jpg,other
2020-06-28_00-02-17_camera104,pskuss,test,,6,45.0,2020-06-28_00-02-17_camera104/00006.jpg,other
2020-06-28_00-02-17_camera104,pskuss,test,,7,52.5,2020-06-28_00-02-17_camera104/00007.jpg,other
2020-06-28_00-02-17_camera104,pskuss,test,,8,60.0,2020-06-28_00-02-17_camera104/00008.jpg,other
2020-06-28_00-02-17_camera104,pskuss,test,,9,67.5,2020-06-28_00-02-17_camera104/00009.jpg,other
2020-06-28_00-02-17_camera104,pskuss,test,,10,75.0,2020-06-28_00-02-17_camera104/00010.jpg,other
2020-06-28_00-02-17_camera104,pskuss,test,,11,82.5,2020-06-28_00-02-17_camera104/00011.jpg,other
2020-06-28_00-02-17_camera104,pskuss,test,,12,90.0,2020-06-28_00-02-17_camera104/00012.jpg,other
2020-06-28_00-02-17_camera104,pskuss,test,,13,97.5,2020-06-28_00-02-17_camera104/00013.jpg,other
2020-06-28_00-02-17_camera104,pskuss,test,,14,105.0,2020-06-28_00-02-17_camera104/00014.jpg,other
2020-06-28_00-02-17_camera104,pskuss,test,,15,112.5,2020-06-28_00-02-17_camera104/00015.jpg,other
2020-06-28_00-02-17_camera104,pskuss,test,,16,120.0,2020-06-28_00-02-17_camera104/00016.jpg,other
2020-06-28_00-02-17_camera104,pskuss,test,,17,127.5,2020-06-28_00-02-17_camera104/00017.jpg,other
2020-06-28_00-02-17_camera104,pskuss,test,,18,135.0,2020-06-28_00-02-17_camera104/00018.jpg,other
2020-06-28_00-02-17_camera104,pskuss,test,,19,142.5,2020-06-28_00-02-17_camera104/00019.jpg,other
2020-06-28_00-02-17_camera104,pskuss,test,,20,150.0,2020-06-28_00-02-17_camera104/00020.jpg,other
2020-06-28_00-02-17_camera104,pskuss,test,,21,157.5,2020-06-28_00-02-17_camera104/00021.jpg,other
2020-06-28_00-02-17_camera104,pskuss,test,,22,165.0,2020-06-28_00-02-17_camera104/00022.jpg,other
2020-06-28_00-02-17_camera104,pskuss,test,,23,172.5,2020-06-28_00-02-17_camera104/00023.jpg,other
2020-06-28_00-02-17_camera104,pskuss,test,,24,180.0,2020-06-28_00-02-17_camera104/00024.jpg,other
2020-06-28_00-02-17_camera104,pskuss,test,,25,187.5,2020-06-28_00-02-17_camera104/00025.jpg,other
2020-06-28_00-02-17_camera104,pskuss,test,,26,195.0,2020-06-28_00-02-17_camera104/00026.jpg,other
2020-06-28_00-02-17_camera104,pskuss,test,,27,202.5,2020-06-28_00-02-17_camera104/00027.jpg,other
2020-06-28_00-02-17_camera104,pskuss,test,,28,210.0,2020-06-28_00-02-17_camera104/00028.jpg,other
2020-06-28_00-02-17_camera104,pskuss,test,,29,217.5,2020-06-28_00-02-17_camera104/00029.jpg,other
2020-06-28_00-02-17_camera104,pskuss,test,,30,225.0,2020-06-28_00-02-17_camera104/00030.jpg,other
2020-06-28_00-02-17_camera104,pskuss,test,,31,232.5,2020-06-28_00-02-17_camera104/00031.jpg,other
2020-06-28_00-02-17_camera104,pskuss,test,,32,240.0,2020-06-28_00-02-17_camera104/00032.jpg,other
2020-06-28_00-02-17_camera104,pskuss,test,,33,247.5,2020-06-28_00-02-17_camera104/00033.jpg,other
2020-06-28_00-02-17_camera104,pskuss,test,,34,255.0,2020-06-28_00-02-17_camera104/00034.jpg,other
2020-06-28_00-02-17_camera104,pskuss,test,,35,262.5,2020-06-28_00-02-17_camera104/00035.jpg,other
2020-06-28_00-02-17_camera104,pskuss,test,,36,270.0,2020-06-28_00-02-17_camera104/00036.jpg,other
2020-06-28_00-02-17_camera104,pskuss,test,,37,277.5,2020-06-28_00-02-17_camera104/00037.jpg,other
2020-06-28_00-02-17_camera104,pskuss,test,,38,285.0,2020-06-28_00-02-17_camera104/00038.jpg,other
2020-06-28_00-02-17_camera104,pskuss,test,,39,292.5,2020-06-28_00-02-17_camera104/00039.jpg,other
